pdb_id,chain_id,residue_id,residue_name,hydrophobicity,volume,charge,hbond_donor,hbond_acceptor,ss_type,rel_asa,phi,psi,hse_up,hse_down,hse_ratio,residue_depth,ca_depth,neighbor_count,atom_density,pos_charged_neighbors,neg_charged_neighbors,net_charge_environment,ss_H,ss_B,ss_E,ss_G,ss_I,ss_T,ss_S,ss_ ,ss_X
1a28,A,682,GLN,-3.5,143.8,0.0,2,2,X,0.0,0.0,0.0,0.0,0.0,0.0,0.0,0.0,6,0.012589404678167503,0,0,0,0,0,0,0,0,0,0,0,1
1a28,A,683,LEU,3.8,166.7,0.0,0,0,X,0.0,0.0,0.0,0.0,0.0,0.0,0.0,0.0,12,0.01678587290422334,4,3,1,0,0,0,0,0,0,0,0,1
1a28,A,684,ILE,4.5,166.7,0.0,0,0,X,0.0,0.0,0.0,0.0,0.0,0.0,0.0,0.0,18,0.029375277582390842,8,14,-6,0,0,0,0,0,0,0,0,1
1a28,A,685,PRO,-1.6,112.7,0.0,0,0,X,0.0,0.0,0.0,0.0,0.0,0.0,0.0,0.0,22,0.03403802005578621,11,18,-7,0,0,0,0,0,0,0,0,1
1a28,A,686,PRO,-1.6,112.7,0.0,0,0,X,0.0,0.0,0.0,0.0,0.0,0.0,0.0,0.0,15,0.027043906345693154,5,7,-2,0,0,0,0,0,0,0,0,1
1a28,A,687,LEU,3.8,166.7,0.0,0,0,X,0.0,0.0,0.0,0.0,0.0,0.0,0.0,0.0,26,0.03357174580844668,7,13,-6,0,0,0,0,0,0,0,0,1
1a28,A,688,ILE,4.5,166.7,0.0,0,0,X,0.0,0.0,0.0,0.0,0.0,0.0,0.0,0.0,32,0.04755997322863279,11,24,-13,0,0,0,0,0,0,0,0,1
1a28,A,689,ASN,-3.5,114.1,0.0,2,2,X,0.0,0.0,0.0,0.0,0.0,0.0,0.0,0.0,19,0.03683566553982344,0,13,-13,0,0,0,0,0,0,0,0,1
1a28,A,690,LEU,3.8,166.7,0.0,0,0,X,0.0,0.0,0.0,0.0,0.0,0.0,0.0,0.0,20,0.03357174580844668,0,9,-9,0,0,0,0,0,0,0,0,1
1a28,A,691,LEU,3.8,166.7,0.0,0,0,X,0.0,0.0,0.0,0.0,0.0,0.0,0.0,0.0,27,0.048026247475972325,9,23,-14,0,0,0,0,0,0,0,0,1
1a28,A,692,MET,1.9,162.9,0.0,0,0,X,0.0,0.0,0.0,0.0,0.0,0.0,0.0,0.0,21,0.0363693912924839,2,19,-17,0,0,0,0,0,0,0,0,1
1a28,A,693,SER,-0.8,89.0,0.0,1,1,X,0.0,0.0,0.0,0.0,0.0,0.0,0.0,0.0,16,0.025645083603674543,0,10,-10,0,0,0,0,0,0,0,0,1
1a28,A,694,ILE,4.5,166.7,0.0,0,0,X,0.0,0.0,0.0,0.0,0.0,0.0,0.0,0.0,25,0.035436842797804825,12,11,1,0,0,0,0,0,0,0,0,1
1a28,A,695,GLU,-3.5,138.4,-1.0,1,3,X,0.0,0.0,0.0,0.0,0.0,0.0,0.0,0.0,27,0.03450429430312575,11,7,4,0,0,0,0,0,0,0,0,1
1a28,A,696,PRO,-1.6,112.7,0.0,0,0,X,0.0,0.0,0.0,0.0,0.0,0.0,0.0,0.0,25,0.029375277582390842,20,17,3,0,0,0,0,0,0,0,0,1
1a28,A,697,ASP,-3.5,111.1,-1.0,1,3,X,0.0,0.0,0.0,0.0,0.0,0.0,0.0,0.0,12,0.01818469564624195,4,9,-5,0,0,0,0,0,0,0,0,1
1a28,A,698,VAL,4.2,140.0,0.0,0,0,X,0.0,0.0,0.0,0.0,0.0,0.0,0.0,0.0,17,0.028909003335051305,17,19,-2,0,0,0,0,0,0,0,0,1
1a28,A,699,ILE,4.5,166.7,0.0,0,0,X,0.0,0.0,0.0,0.0,0.0,0.0,0.0,0.0,26,0.040565859518539735,20,19,1,0,0,0,0,0,0,0,0,1
1a28,A,700,TYR,-1.3,193.6,0.0,1,1,X,0.0,0.0,0.0,0.0,0.0,0.0,0.0,0.0,16,0.03823448828184205,15,15,0,0,0,0,0,0,0,0,0,1
1a28,A,701,ALA,1.8,88.6,0.0,0,0,X,0.0,0.0,0.0,0.0,0.0,0.0,0.0,0.0,26,0.04709369898129325,21,17,4,0,0,0,0,0,0,0,0,1
1a28,A,702,GLY,-0.4,60.1,0.0,0,0,X,0.0,0.0,0.0,0.0,0.0,0.0,0.0,0.0,20,0.03170664881908853,17,13,4,0,0,0,0,0,0,0,0,1
1a28,A,703,HIS,-3.2,153.2,0.1,2,1,X,0.0,0.0,0.0,0.0,0.0,0.0,0.0,0.0,27,0.02984155182973038,13,20,-7,0,0,0,0,0,0,0,0,1
1a28,A,704,ASP,-3.5,111.1,-1.0,1,3,X,0.0,0.0,0.0,0.0,0.0,0.0,0.0,0.0,14,0.022381163872297785,19,15,4,0,0,0,0,0,0,0,0,1
1a28,A,705,ASN,-3.5,114.1,0.0,2,2,X,0.0,0.0,0.0,0.0,0.0,0.0,0.0,0.0,15,0.023779986614316396,21,21,0,0,0,0,0,0,0,0,0,1
1a28,A,706,THR,-0.7,116.1,0.0,1,1,X,0.0,0.0,0.0,0.0,0.0,0.0,0.0,0.0,8,0.015387050162204726,16,13,3,0,0,0,0,0,0,0,0,1
1a28,A,707,LYS,-3.9,168.6,1.0,2,0,X,0.0,0.0,0.0,0.0,0.0,0.0,0.0,0.0,12,0.01818469564624195,14,13,1,0,0,0,0,0,0,0,0,1
1a28,A,708,PRO,-1.6,112.7,0.0,0,0,X,0.0,0.0,0.0,0.0,0.0,0.0,0.0,0.0,12,0.020049792635600097,16,13,3,0,0,0,0,0,0,0,0,1
1a28,A,709,ASP,-3.5,111.1,-1.0,1,3,X,0.0,0.0,0.0,0.0,0.0,0.0,0.0,0.0,23,0.03310547156110714,32,6,26,0,0,0,0,0,0,0,0,1
1a28,A,710,THR,-0.7,116.1,0.0,1,1,X,0.0,0.0,0.0,0.0,0.0,0.0,0.0,0.0,18,0.02611135785101408,23,14,9,0,0,0,0,0,0,0,0,1
1a28,A,711,SER,-0.8,89.0,0.0,1,1,X,0.0,0.0,0.0,0.0,0.0,0.0,0.0,0.0,25,0.03403802005578621,14,17,-3,0,0,0,0,0,0,0,0,1
1a28,A,712,SER,-0.8,89.0,0.0,1,1,X,0.0,0.0,0.0,0.0,0.0,0.0,0.0,0.0,25,0.035436842797804825,4,17,-13,0,0,0,0,0,0,0,0,1
1a28,A,713,SER,-0.8,89.0,0.0,1,1,X,0.0,0.0,0.0,0.0,0.0,0.0,0.0,0.0,25,0.03683566553982344,14,19,-5,0,0,0,0,0,0,0,0,1
1a28,A,714,LEU,3.8,166.7,0.0,0,0,X,0.0,0.0,0.0,0.0,0.0,0.0,0.0,0.0,33,0.043363505002576956,26,18,8,0,0,0,0,0,0,0,0,1
1a28,A,715,LEU,3.8,166.7,0.0,0,0,X,0.0,0.0,0.0,0.0,0.0,0.0,0.0,0.0,36,0.043363505002576956,3,12,-9,0,0,0,0,0,0,0,0,1
1a28,A,716,THR,-0.7,116.1,0.0,1,1,X,0.0,0.0,0.0,0.0,0.0,0.0,0.0,0.0,27,0.045228601991935104,8,12,-4,0,0,0,0,0,0,0,0,1
1a28,A,717,SER,-0.8,89.0,0.0,1,1,X,0.0,0.0,0.0,0.0,0.0,0.0,0.0,0.0,34,0.04196468226055834,18,27,-9,0,0,0,0,0,0,0,0,1
1a28,A,718,LEU,3.8,166.7,0.0,0,0,X,0.0,0.0,0.0,0.0,0.0,0.0,0.0,0.0,44,0.04196468226055834,10,11,-1,0,0,0,0,0,0,0,0,1
1a28,A,719,ASN,-3.5,114.1,0.0,2,2,X,0.0,0.0,0.0,0.0,0.0,0.0,0.0,0.0,36,0.045228601991935104,7,20,-13,0,0,0,0,0,0,0,0,1
1a28,A,720,GLN,-3.5,143.8,0.0,2,2,X,0.0,0.0,0.0,0.0,0.0,0.0,0.0,0.0,27,0.04476232774459557,17,22,-5,0,0,0,0,0,0,0,0,1
1a28,A,721,LEU,3.8,166.7,0.0,0,0,X,0.0,0.0,0.0,0.0,0.0,0.0,0.0,0.0,32,0.048492521723311866,21,16,5,0,0,0,0,0,0,0,0,1
1a28,A,722,GLY,-0.4,60.1,0.0,0,0,X,0.0,0.0,0.0,0.0,0.0,0.0,0.0,0.0,35,0.04196468226055834,14,12,2,0,0,0,0,0,0,0,0,1
1a28,A,723,GLU,-3.5,138.4,-1.0,1,3,X,0.0,0.0,0.0,0.0,0.0,0.0,0.0,0.0,29,0.04755997322863279,11,15,-4,0,0,0,0,0,0,0,0,1
1a28,A,724,ARG,-4.5,173.4,1.0,5,0,X,0.0,0.0,0.0,0.0,0.0,0.0,0.0,0.0,27,0.04149840801321881,3,13,-10,0,0,0,0,0,0,0,0,1
1a28,A,725,GLN,-3.5,143.8,0.0,2,2,X,0.0,0.0,0.0,0.0,0.0,0.0,0.0,0.0,34,0.03870076252918159,18,11,7,0,0,0,0,0,0,0,0,1
1a28,A,726,LEU,3.8,166.7,0.0,0,0,X,0.0,0.0,0.0,0.0,0.0,0.0,0.0,0.0,30,0.043363505002576956,13,14,-1,0,0,0,0,0,0,0,0,1
1a28,A,727,LEU,3.8,166.7,0.0,0,0,X,0.0,0.0,0.0,0.0,0.0,0.0,0.0,0.0,20,0.034970568550465285,21,9,12,0,0,0,0,0,0,0,0,1
1a28,A,728,SER,-0.8,89.0,0.0,1,1,X,0.0,0.0,0.0,0.0,0.0,0.0,0.0,0.0,25,0.03776821403450251,22,18,4,0,0,0,0,0,0,0,0,1
1a28,A,729,VAL,4.2,140.0,0.0,0,0,X,0.0,0.0,0.0,0.0,0.0,0.0,0.0,0.0,33,0.04243095650789788,24,8,16,0,0,0,0,0,0,0,0,1
1a28,A,730,VAL,4.2,140.0,0.0,0,0,X,0.0,0.0,0.0,0.0,0.0,0.0,0.0,0.0,27,0.035436842797804825,20,1,19,0,0,0,0,0,0,0,0,1
1a28,A,731,LYS,-3.9,168.6,1.0,2,0,X,0.0,0.0,0.0,0.0,0.0,0.0,0.0,0.0,19,0.03357174580844668,11,7,4,0,0,0,0,0,0,0,0,1
1a28,A,732,TRP,-0.9,227.8,0.0,1,0,X,0.0,0.0,0.0,0.0,0.0,0.0,0.0,0.0,30,0.04289723075523742,24,10,14,0,0,0,0,0,0,0,0,1
1a28,A,733,SER,-0.8,89.0,0.0,1,1,X,0.0,0.0,0.0,0.0,0.0,0.0,0.0,0.0,31,0.04476232774459557,26,0,26,0,0,0,0,0,0,0,0,1
1a28,A,734,LYS,-3.9,168.6,1.0,2,0,X,0.0,0.0,0.0,0.0,0.0,0.0,0.0,0.0,18,0.034970568550465285,19,0,19,0,0,0,0,0,0,0,0,1
1a28,A,735,SER,-0.8,89.0,0.0,1,1,X,0.0,0.0,0.0,0.0,0.0,0.0,0.0,0.0,24,0.0363693912924839,26,4,22,0,0,0,0,0,0,0,0,1
1a28,A,736,LEU,3.8,166.7,0.0,0,0,X,0.0,0.0,0.0,0.0,0.0,0.0,0.0,0.0,30,0.045694876239274644,25,3,22,0,0,0,0,0,0,0,0,1
1a28,A,737,PRO,-1.6,112.7,0.0,0,0,X,0.0,0.0,0.0,0.0,0.0,0.0,0.0,0.0,24,0.03403802005578621,16,2,14,0,0,0,0,0,0,0,0,1
1a28,A,738,GLY,-0.4,60.1,0.0,0,0,X,0.0,0.0,0.0,0.0,0.0,0.0,0.0,0.0,28,0.03403802005578621,19,6,13,0,0,0,0,0,0,0,0,1
1a28,A,739,PHE,2.8,189.9,0.0,0,0,X,0.0,0.0,0.0,0.0,0.0,0.0,0.0,0.0,34,0.043363505002576956,24,10,14,0,0,0,0,0,0,0,0,1
1a28,A,740,ARG,-4.5,173.4,1.0,5,0,X,0.0,0.0,0.0,0.0,0.0,0.0,0.0,0.0,16,0.03870076252918159,14,0,14,0,0,0,0,0,0,0,0,1
1a28,A,741,ASN,-3.5,114.1,0.0,2,2,X,0.0,0.0,0.0,0.0,0.0,0.0,0.0,0.0,16,0.028909003335051305,20,2,18,0,0,0,0,0,0,0,0,1
1a28,A,742,LEU,3.8,166.7,0.0,0,0,X,0.0,0.0,0.0,0.0,0.0,0.0,0.0,0.0,28,0.04476232774459557,27,15,12,0,0,0,0,0,0,0,0,1
1a28,A,743,HIS,-3.2,153.2,0.1,2,1,X,0.0,0.0,0.0,0.0,0.0,0.0,0.0,0.0,16,0.03963331102386066,15,16,-1,0,0,0,0,0,0,0,0,1
1a28,A,744,ILE,4.5,166.7,0.0,0,0,X,0.0,0.0,0.0,0.0,0.0,0.0,0.0,0.0,17,0.03124037457174899,25,16,9,0,0,0,0,0,0,0,0,1
1a28,A,745,ASP,-3.5,111.1,-1.0,1,3,X,0.0,0.0,0.0,0.0,0.0,0.0,0.0,0.0,17,0.032639197313767604,21,8,13,0,0,0,0,0,0,0,0,1
1a28,A,746,ASP,-3.5,111.1,-1.0,1,3,X,0.0,0.0,0.0,0.0,0.0,0.0,0.0,0.0,30,0.048958795970651406,25,9,16,0,0,0,0,0,0,0,0,1
1a28,A,747,GLN,-3.5,143.8,0.0,2,2,X,0.0,0.0,0.0,0.0,0.0,0.0,0.0,0.0,26,0.04662742473395372,24,16,8,0,0,0,0,0,0,0,0,1
1a28,A,748,ILE,4.5,166.7,0.0,0,0,X,0.0,0.0,0.0,0.0,0.0,0.0,0.0,0.0,22,0.03683566553982344,8,18,-10,0,0,0,0,0,0,0,0,1
1a28,A,749,THR,-0.7,116.1,0.0,1,1,X,0.0,0.0,0.0,0.0,0.0,0.0,0.0,0.0,31,0.04103213376587927,12,18,-6,0,0,0,0,0,0,0,0,1
1a28,A,750,LEU,3.8,166.7,0.0,0,0,X,0.0,0.0,0.0,0.0,0.0,0.0,0.0,0.0,35,0.05222271570202816,3,13,-10,0,0,0,0,0,0,0,0,1
1a28,A,751,ILE,4.5,166.7,0.0,0,0,X,0.0,0.0,0.0,0.0,0.0,0.0,0.0,0.0,36,0.048492521723311866,2,7,-5,0,0,0,0,0,0,0,0,1
1a28,A,752,GLN,-3.5,143.8,0.0,2,2,X,0.0,0.0,0.0,0.0,0.0,0.0,0.0,0.0,34,0.04616115048661418,6,16,-10,0,0,0,0,0,0,0,0,1
1a28,A,753,TYR,-1.3,193.6,0.0,1,1,X,0.0,0.0,0.0,0.0,0.0,0.0,0.0,0.0,38,0.048492521723311866,21,5,16,0,0,0,0,0,0,0,0,1
1a28,A,754,SER,-0.8,89.0,0.0,1,1,X,0.0,0.0,0.0,0.0,0.0,0.0,0.0,0.0,35,0.04942507021799094,12,1,11,0,0,0,0,0,0,0,0,1
1a28,A,755,TRP,-0.9,227.8,0.0,1,0,X,0.0,0.0,0.0,0.0,0.0,0.0,0.0,0.0,36,0.04429605349725603,10,8,2,0,0,0,0,0,0,0,0,1
1a28,A,756,MET,1.9,162.9,0.0,0,0,X,0.0,0.0,0.0,0.0,0.0,0.0,0.0,0.0,38,0.03963331102386066,15,0,15,0,0,0,0,0,0,0,0,1
1a28,A,757,SER,-0.8,89.0,0.0,1,1,X,0.0,0.0,0.0,0.0,0.0,0.0,0.0,0.0,39,0.045228601991935104,27,1,26,0,0,0,0,0,0,0,0,1
1a28,A,758,LEU,3.8,166.7,0.0,0,0,X,0.0,0.0,0.0,0.0,0.0,0.0,0.0,0.0,40,0.045694876239274644,13,3,10,0,0,0,0,0,0,0,0,1
1a28,A,759,MET,1.9,162.9,0.0,0,0,X,0.0,0.0,0.0,0.0,0.0,0.0,0.0,0.0,37,0.040099585271200194,17,4,13,0,0,0,0,0,0,0,0,1
1a28,A,760,VAL,4.2,140.0,0.0,0,0,X,0.0,0.0,0.0,0.0,0.0,0.0,0.0,0.0,36,0.04103213376587927,13,0,13,0,0,0,0,0,0,0,0,1
1a28,A,761,PHE,2.8,189.9,0.0,0,0,X,0.0,0.0,0.0,0.0,0.0,0.0,0.0,0.0,40,0.048492521723311866,16,6,10,0,0,0,0,0,0,0,0,1
1a28,A,762,GLY,-0.4,60.1,0.0,0,0,X,0.0,0.0,0.0,0.0,0.0,0.0,0.0,0.0,35,0.04476232774459557,26,4,22,0,0,0,0,0,0,0,0,1
1a28,A,763,LEU,3.8,166.7,0.0,0,0,X,0.0,0.0,0.0,0.0,0.0,0.0,0.0,0.0,39,0.048958795970651406,16,0,16,0,0,0,0,0,0,0,0,1
1a28,A,764,GLY,-0.4,60.1,0.0,0,0,X,0.0,0.0,0.0,0.0,0.0,0.0,0.0,0.0,37,0.05735173242276307,26,5,21,0,0,0,0,0,0,0,0,1
1a28,A,765,TRP,-0.9,227.8,0.0,1,0,X,0.0,0.0,0.0,0.0,0.0,0.0,0.0,0.0,31,0.05222271570202816,35,13,22,0,0,0,0,0,0,0,0,1
1a28,A,766,ARG,-4.5,173.4,1.0,5,0,X,0.0,0.0,0.0,0.0,0.0,0.0,0.0,0.0,34,0.04942507021799094,20,5,15,0,0,0,0,0,0,0,0,1
1a28,A,767,SER,-0.8,89.0,0.0,1,1,X,0.0,0.0,0.0,0.0,0.0,0.0,0.0,0.0,30,0.05595290968074446,29,0,29,0,0,0,0,0,0,0,0,1
1a28,A,768,TYR,-1.3,193.6,0.0,1,1,X,0.0,0.0,0.0,0.0,0.0,0.0,0.0,0.0,29,0.0526889899493677,30,5,25,0,0,0,0,0,0,0,0,1
1a28,A,769,LYS,-3.9,168.6,1.0,2,0,X,0.0,0.0,0.0,0.0,0.0,0.0,0.0,0.0,19,0.03730193978716297,18,0,18,0,0,0,0,0,0,0,0,1
1a28,A,770,HIS,-3.2,153.2,0.1,2,1,X,0.0,0.0,0.0,0.0,0.0,0.0,0.0,0.0,20,0.02984155182973038,19,0,19,0,0,0,0,0,0,0,0,1
1a28,A,771,VAL,4.2,140.0,0.0,0,0,X,0.0,0.0,0.0,0.0,0.0,0.0,0.0,0.0,23,0.03357174580844668,23,0,23,0,0,0,0,0,0,0,0,1
1a28,A,772,SER,-0.8,89.0,0.0,1,1,X,0.0,0.0,0.0,0.0,0.0,0.0,0.0,0.0,19,0.03170664881908853,21,0,21,0,0,0,0,0,0,0,0,1
1a28,A,773,GLY,-0.4,60.1,0.0,0,0,X,0.0,0.0,0.0,0.0,0.0,0.0,0.0,0.0,28,0.04989134446533048,18,6,12,0,0,0,0,0,0,0,0,1
1a28,A,774,GLN,-3.5,143.8,0.0,2,2,X,0.0,0.0,0.0,0.0,0.0,0.0,0.0,0.0,21,0.03310547156110714,6,7,-1,0,0,0,0,0,0,0,0,1
1a28,A,775,MET,1.9,162.9,0.0,0,0,X,0.0,0.0,0.0,0.0,0.0,0.0,0.0,0.0,26,0.04476232774459557,16,8,8,0,0,0,0,0,0,0,0,1
1a28,A,776,LEU,3.8,166.7,0.0,0,0,X,0.0,0.0,0.0,0.0,0.0,0.0,0.0,0.0,40,0.053621538444046775,16,8,8,0,0,0,0,0,0,0,0,1
1a28,A,777,TYR,-1.3,193.6,0.0,1,1,X,0.0,0.0,0.0,0.0,0.0,0.0,0.0,0.0,30,0.05455408693872585,27,7,20,0,0,0,0,0,0,0,0,1
1a28,A,778,PHE,2.8,189.9,0.0,0,0,X,0.0,0.0,0.0,0.0,0.0,0.0,0.0,0.0,37,0.05035761871267001,16,7,9,0,0,0,0,0,0,0,0,1
1a28,A,779,ALA,1.8,88.6,0.0,0,0,X,0.0,0.0,0.0,0.0,0.0,0.0,0.0,0.0,28,0.048492521723311866,30,8,22,0,0,0,0,0,0,0,0,1
1a28,A,780,PRO,-1.6,112.7,0.0,0,0,X,0.0,0.0,0.0,0.0,0.0,0.0,0.0,0.0,21,0.03730193978716297,24,9,15,0,0,0,0,0,0,0,0,1
1a28,A,781,ASP,-3.5,111.1,-1.0,1,3,X,0.0,0.0,0.0,0.0,0.0,0.0,0.0,0.0,24,0.03963331102386066,19,6,13,0,0,0,0,0,0,0,0,1
1a28,A,782,LEU,3.8,166.7,0.0,0,0,X,0.0,0.0,0.0,0.0,0.0,0.0,0.0,0.0,34,0.04662742473395372,21,16,5,0,0,0,0,0,0,0,0,1
1a28,A,783,ILE,4.5,166.7,0.0,0,0,X,0.0,0.0,0.0,0.0,0.0,0.0,0.0,0.0,27,0.043829779249916496,26,10,16,0,0,0,0,0,0,0,0,1
1a28,A,784,LEU,3.8,166.7,0.0,0,0,X,0.0,0.0,0.0,0.0,0.0,0.0,0.0,0.0,29,0.04755997322863279,17,16,1,0,0,0,0,0,0,0,0,1
1a28,A,785,ASN,-3.5,114.1,0.0,2,2,X,0.0,0.0,0.0,0.0,0.0,0.0,0.0,0.0,20,0.03963331102386066,14,10,4,0,0,0,0,0,0,0,0,1
1a28,A,786,GLU,-3.5,138.4,-1.0,1,3,X,0.0,0.0,0.0,0.0,0.0,0.0,0.0,0.0,15,0.03124037457174899,14,0,14,0,0,0,0,0,0,0,0,1
1a28,A,787,GLN,-3.5,143.8,0.0,2,2,X,0.0,0.0,0.0,0.0,0.0,0.0,0.0,0.0,10,0.024246260861655933,20,9,11,0,0,0,0,0,0,0,0,1
1a28,A,788,ARG,-4.5,173.4,1.0,5,0,X,0.0,0.0,0.0,0.0,0.0,0.0,0.0,0.0,27,0.034970568550465285,15,19,-4,0,0,0,0,0,0,0,0,1
1a28,A,789,MET,1.9,162.9,0.0,0,0,X,0.0,0.0,0.0,0.0,0.0,0.0,0.0,0.0,27,0.043829779249916496,20,21,-1,0,0,0,0,0,0,0,0,1
1a28,A,790,LYS,-3.9,168.6,1.0,2,0,X,0.0,0.0,0.0,0.0,0.0,0.0,0.0,0.0,17,0.030307826077069916,8,21,-13,0,0,0,0,0,0,0,0,1
1a28,A,791,GLU,-3.5,138.4,-1.0,1,3,X,0.0,0.0,0.0,0.0,0.0,0.0,0.0,0.0,22,0.028909003335051305,12,2,10,0,0,0,0,0,0,0,0,1
1a28,A,792,SER,-0.8,89.0,0.0,1,1,X,0.0,0.0,0.0,0.0,0.0,0.0,0.0,0.0,13,0.025645083603674543,6,10,-4,0,0,0,0,0,0,0,0,1
1a28,A,793,SER,-0.8,89.0,0.0,1,1,X,0.0,0.0,0.0,0.0,0.0,0.0,0.0,0.0,18,0.027510180593032695,5,9,-4,0,0,0,0,0,0,0,0,1
1a28,A,794,PHE,2.8,189.9,0.0,0,0,X,0.0,0.0,0.0,0.0,0.0,0.0,0.0,0.0,28,0.03963331102386066,11,10,1,0,0,0,0,0,0,0,0,1
1a28,A,795,TYR,-1.3,193.6,0.0,1,1,X,0.0,0.0,0.0,0.0,0.0,0.0,0.0,0.0,19,0.04429605349725603,11,17,-6,0,0,0,0,0,0,0,0,1
1a28,A,796,SER,-0.8,89.0,0.0,1,1,X,0.0,0.0,0.0,0.0,0.0,0.0,0.0,0.0,18,0.03450429430312575,2,8,-6,0,0,0,0,0,0,0,0,1
1a28,A,797,LEU,3.8,166.7,0.0,0,0,X,0.0,0.0,0.0,0.0,0.0,0.0,0.0,0.0,31,0.04429605349725603,5,7,-2,0,0,0,0,0,0,0,0,1
1a28,A,798,CYS,2.5,108.5,0.0,1,0,X,0.0,0.0,0.0,0.0,0.0,0.0,0.0,0.0,34,0.04476232774459557,3,11,-8,0,0,0,0,0,0,0,0,1
1a28,A,799,LEU,3.8,166.7,0.0,0,0,X,0.0,0.0,0.0,0.0,0.0,0.0,0.0,0.0,21,0.03823448828184205,0,8,-8,0,0,0,0,0,0,0,0,1
1a28,A,800,THR,-0.7,116.1,0.0,1,1,X,0.0,0.0,0.0,0.0,0.0,0.0,0.0,0.0,25,0.03823448828184205,2,6,-4,0,0,0,0,0,0,0,0,1
1a28,A,801,MET,1.9,162.9,0.0,0,0,X,0.0,0.0,0.0,0.0,0.0,0.0,0.0,0.0,36,0.04709369898129325,0,0,0,0,0,0,0,0,0,0,0,1
1a28,A,802,TRP,-0.9,227.8,0.0,1,0,X,0.0,0.0,0.0,0.0,0.0,0.0,0.0,0.0,32,0.045694876239274644,0,8,-8,0,0,0,0,0,0,0,0,1
1a28,A,803,GLN,-3.5,143.8,0.0,2,2,X,0.0,0.0,0.0,0.0,0.0,0.0,0.0,0.0,25,0.03683566553982344,2,12,-10,0,0,0,0,0,0,0,0,1
1a28,A,804,ILE,4.5,166.7,0.0,0,0,X,0.0,0.0,0.0,0.0,0.0,0.0,0.0,0.0,39,0.04662742473395372,2,9,-7,0,0,0,0,0,0,0,0,1
1a28,A,805,PRO,-1.6,112.7,0.0,0,0,X,0.0,0.0,0.0,0.0,0.0,0.0,0.0,0.0,37,0.05129016720734909,17,9,8,0,0,0,0,0,0,0,0,1
1a28,A,806,GLN,-3.5,143.8,0.0,2,2,X,0.0,0.0,0.0,0.0,0.0,0.0,0.0,0.0,24,0.040565859518539735,9,9,0,0,0,0,0,0,0,0,0,1
1a28,A,807,GLU,-3.5,138.4,-1.0,1,3,X,0.0,0.0,0.0,0.0,0.0,0.0,0.0,0.0,26,0.03916703677652112,14,0,14,0,0,0,0,0,0,0,0,1
1a28,A,808,PHE,2.8,189.9,0.0,0,0,X,0.0,0.0,0.0,0.0,0.0,0.0,0.0,0.0,34,0.048492521723311866,20,16,4,0,0,0,0,0,0,0,0,1
1a28,A,809,VAL,4.2,140.0,0.0,0,0,X,0.0,0.0,0.0,0.0,0.0,0.0,0.0,0.0,23,0.04103213376587927,13,9,4,0,0,0,0,0,0,0,0,1
1a28,A,810,LYS,-3.9,168.6,1.0,2,0,X,0.0,0.0,0.0,0.0,0.0,0.0,0.0,0.0,16,0.029375277582390842,3,9,-6,0,0,0,0,0,0,0,0,1
1a28,A,811,LEU,3.8,166.7,0.0,0,0,X,0.0,0.0,0.0,0.0,0.0,0.0,0.0,0.0,24,0.03450429430312575,20,14,6,0,0,0,0,0,0,0,0,1
1a28,A,812,GLN,-3.5,143.8,0.0,2,2,X,0.0,0.0,0.0,0.0,0.0,0.0,0.0,0.0,18,0.03357174580844668,20,9,11,0,0,0,0,0,0,0,0,1
1a28,A,813,VAL,4.2,140.0,0.0,0,0,X,0.0,0.0,0.0,0.0,0.0,0.0,0.0,0.0,30,0.045694876239274644,27,24,3,0,0,0,0,0,0,0,0,1
1a28,A,814,SER,-0.8,89.0,0.0,1,1,X,0.0,0.0,0.0,0.0,0.0,0.0,0.0,0.0,28,0.03963331102386066,22,18,4,0,0,0,0,0,0,0,0,1
1a28,A,815,GLN,-3.5,143.8,0.0,2,2,X,0.0,0.0,0.0,0.0,0.0,0.0,0.0,0.0,26,0.03963331102386066,18,24,-6,0,0,0,0,0,0,0,0,1
1a28,A,816,GLU,-3.5,138.4,-1.0,1,3,X,0.0,0.0,0.0,0.0,0.0,0.0,0.0,0.0,31,0.04755997322863279,16,16,0,0,0,0,0,0,0,0,0,1
1a28,A,817,GLU,-3.5,138.4,-1.0,1,3,X,0.0,0.0,0.0,0.0,0.0,0.0,0.0,0.0,37,0.04989134446533048,28,14,14,0,0,0,0,0,0,0,0,1
1a28,A,818,PHE,2.8,189.9,0.0,0,0,X,0.0,0.0,0.0,0.0,0.0,0.0,0.0,0.0,36,0.04942507021799094,16,23,-7,0,0,0,0,0,0,0,0,1
1a28,A,819,LEU,3.8,166.7,0.0,0,0,X,0.0,0.0,0.0,0.0,0.0,0.0,0.0,0.0,31,0.05222271570202816,9,33,-24,0,0,0,0,0,0,0,0,1
1a28,A,820,CYS,2.5,108.5,0.0,1,0,X,0.0,0.0,0.0,0.0,0.0,0.0,0.0,0.0,41,0.05455408693872585,20,26,-6,0,0,0,0,0,0,0,0,1
1a28,A,821,MET,1.9,162.9,0.0,0,0,X,0.0,0.0,0.0,0.0,0.0,0.0,0.0,0.0,43,0.048026247475972325,12,18,-6,0,0,0,0,0,0,0,0,1
1a28,A,822,LYS,-3.9,168.6,1.0,2,0,X,0.0,0.0,0.0,0.0,0.0,0.0,0.0,0.0,34,0.04989134446533048,0,14,-14,0,0,0,0,0,0,0,0,1
1a28,A,823,VAL,4.2,140.0,0.0,0,0,X,0.0,0.0,0.0,0.0,0.0,0.0,0.0,0.0,37,0.045694876239274644,19,9,10,0,0,0,0,0,0,0,0,1
1a28,A,824,LEU,3.8,166.7,0.0,0,0,X,0.0,0.0,0.0,0.0,0.0,0.0,0.0,0.0,38,0.048492521723311866,22,8,14,0,0,0,0,0,0,0,0,1
1a28,A,825,LEU,3.8,166.7,0.0,0,0,X,0.0,0.0,0.0,0.0,0.0,0.0,0.0,0.0,38,0.04942507021799094,22,6,16,0,0,0,0,0,0,0,0,1
1a28,A,826,LEU,3.8,166.7,0.0,0,0,X,0.0,0.0,0.0,0.0,0.0,0.0,0.0,0.0,38,0.04989134446533048,15,2,13,0,0,0,0,0,0,0,0,1
1a28,A,827,LEU,3.8,166.7,0.0,0,0,X,0.0,0.0,0.0,0.0,0.0,0.0,0.0,0.0,41,0.04755997322863279,19,12,7,0,0,0,0,0,0,0,0,1
1a28,A,828,ASN,-3.5,114.1,0.0,2,2,X,0.0,0.0,0.0,0.0,0.0,0.0,0.0,0.0,32,0.04662742473395372,31,8,23,0,0,0,0,0,0,0,0,1
1a28,A,829,THR,-0.7,116.1,0.0,1,1,X,0.0,0.0,0.0,0.0,0.0,0.0,0.0,0.0,33,0.04942507021799094,25,1,24,0,0,0,0,0,0,0,0,1
1a28,A,830,ILE,4.5,166.7,0.0,0,0,X,0.0,0.0,0.0,0.0,0.0,0.0,0.0,0.0,28,0.048958795970651406,18,20,-2,0,0,0,0,0,0,0,0,1
1a28,A,831,PRO,-1.6,112.7,0.0,0,0,X,0.0,0.0,0.0,0.0,0.0,0.0,0.0,0.0,25,0.03870076252918159,19,19,0,0,0,0,0,0,0,0,0,1
1a28,A,832,LEU,3.8,166.7,0.0,0,0,X,0.0,0.0,0.0,0.0,0.0,0.0,0.0,0.0,15,0.029375277582390842,16,9,7,0,0,0,0,0,0,0,0,1
1a28,A,833,GLU,-3.5,138.4,-1.0,1,3,X,0.0,0.0,0.0,0.0,0.0,0.0,0.0,0.0,14,0.018650969893581486,16,2,14,0,0,0,0,0,0,0,0,1
1a28,A,834,GLY,-0.4,60.1,0.0,0,0,X,0.0,0.0,0.0,0.0,0.0,0.0,0.0,0.0,21,0.02984155182973038,17,22,-5,0,0,0,0,0,0,0,0,1
1a28,A,835,LEU,3.8,166.7,0.0,0,0,X,0.0,0.0,0.0,0.0,0.0,0.0,0.0,0.0,26,0.04149840801321881,25,31,-6,0,0,0,0,0,0,0,0,1
1a28,A,836,ARG,-4.5,173.4,1.0,5,0,X,0.0,0.0,0.0,0.0,0.0,0.0,0.0,0.0,17,0.029375277582390842,10,22,-12,0,0,0,0,0,0,0,0,1
1a28,A,837,SER,-0.8,89.0,0.0,1,1,X,0.0,0.0,0.0,0.0,0.0,0.0,0.0,0.0,24,0.03916703677652112,23,28,-5,0,0,0,0,0,0,0,0,1
1a28,A,838,GLN,-3.5,143.8,0.0,2,2,X,0.0,0.0,0.0,0.0,0.0,0.0,0.0,0.0,23,0.03590311704514436,15,25,-10,0,0,0,0,0,0,0,0,1
1a28,A,839,THR,-0.7,116.1,0.0,1,1,X,0.0,0.0,0.0,0.0,0.0,0.0,0.0,0.0,14,0.02844272908771177,7,19,-12,0,0,0,0,0,0,0,0,1
1a28,A,840,GLN,-3.5,143.8,0.0,2,2,X,0.0,0.0,0.0,0.0,0.0,0.0,0.0,0.0,22,0.03590311704514436,18,22,-4,0,0,0,0,0,0,0,0,1
1a28,A,841,PHE,2.8,189.9,0.0,0,0,X,0.0,0.0,0.0,0.0,0.0,0.0,0.0,0.0,32,0.04709369898129325,16,25,-9,0,0,0,0,0,0,0,0,1
1a28,A,842,GLU,-3.5,138.4,-1.0,1,3,X,0.0,0.0,0.0,0.0,0.0,0.0,0.0,0.0,19,0.0363693912924839,13,9,4,0,0,0,0,0,0,0,0,1
1a28,A,843,GLU,-3.5,138.4,-1.0,1,3,X,0.0,0.0,0.0,0.0,0.0,0.0,0.0,0.0,16,0.03124037457174899,12,9,3,0,0,0,0,0,0,0,0,1
1a28,A,844,MET,1.9,162.9,0.0,0,0,X,0.0,0.0,0.0,0.0,0.0,0.0,0.0,0.0,30,0.043363505002576956,16,19,-3,0,0,0,0,0,0,0,0,1
1a28,A,845,ARG,-4.5,173.4,1.0,5,0,X,0.0,0.0,0.0,0.0,0.0,0.0,0.0,0.0,32,0.04709369898129325,7,16,-9,0,0,0,0,0,0,0,0,1
1a28,A,846,SER,-0.8,89.0,0.0,1,1,X,0.0,0.0,0.0,0.0,0.0,0.0,0.0,0.0,22,0.03357174580844668,23,24,-1,0,0,0,0,0,0,0,0,1
1a28,A,847,SER,-0.8,89.0,0.0,1,1,X,0.0,0.0,0.0,0.0,0.0,0.0,0.0,0.0,22,0.03590311704514436,25,22,3,0,0,0,0,0,0,0,0,1
1a28,A,848,TYR,-1.3,193.6,0.0,1,1,X,0.0,0.0,0.0,0.0,0.0,0.0,0.0,0.0,36,0.04755997322863279,29,18,11,0,0,0,0,0,0,0,0,1
1a28,A,849,ILE,4.5,166.7,0.0,0,0,X,0.0,0.0,0.0,0.0,0.0,0.0,0.0,0.0,27,0.045694876239274644,29,13,16,0,0,0,0,0,0,0,0,1
1a28,A,850,ARG,-4.5,173.4,1.0,5,0,X,0.0,0.0,0.0,0.0,0.0,0.0,0.0,0.0,17,0.03730193978716297,14,16,-2,0,0,0,0,0,0,0,0,1
1a28,A,851,GLU,-3.5,138.4,-1.0,1,3,X,0.0,0.0,0.0,0.0,0.0,0.0,0.0,0.0,31,0.045228601991935104,22,11,11,0,0,0,0,0,0,0,0,1
1a28,A,852,LEU,3.8,166.7,0.0,0,0,X,0.0,0.0,0.0,0.0,0.0,0.0,0.0,0.0,37,0.050823892960009553,28,24,4,0,0,0,0,0,0,0,0,1
1a28,A,853,ILE,4.5,166.7,0.0,0,0,X,0.0,0.0,0.0,0.0,0.0,0.0,0.0,0.0,28,0.03823448828184205,26,17,9,0,0,0,0,0,0,0,0,1
1a28,A,854,LYS,-3.9,168.6,1.0,2,0,X,0.0,0.0,0.0,0.0,0.0,0.0,0.0,0.0,23,0.03590311704514436,10,17,-7,0,0,0,0,0,0,0,0,1
1a28,A,855,ALA,1.8,88.6,0.0,0,0,X,0.0,0.0,0.0,0.0,0.0,0.0,0.0,0.0,32,0.04942507021799094,33,27,6,0,0,0,0,0,0,0,0,1
1a28,A,856,ILE,4.5,166.7,0.0,0,0,X,0.0,0.0,0.0,0.0,0.0,0.0,0.0,0.0,37,0.048492521723311866,36,22,14,0,0,0,0,0,0,0,0,1
1a28,A,857,GLY,-0.4,60.1,0.0,0,0,X,0.0,0.0,0.0,0.0,0.0,0.0,0.0,0.0,26,0.032639197313767604,31,14,17,0,0,0,0,0,0,0,0,1
1a28,A,858,LEU,3.8,166.7,0.0,0,0,X,0.0,0.0,0.0,0.0,0.0,0.0,0.0,0.0,21,0.03170664881908853,24,19,5,0,0,0,0,0,0,0,0,1
1a28,A,859,ARG,-4.5,173.4,1.0,5,0,X,0.0,0.0,0.0,0.0,0.0,0.0,0.0,0.0,18,0.025645083603674543,15,16,-1,0,0,0,0,0,0,0,0,1
1a28,A,860,GLN,-3.5,143.8,0.0,2,2,X,0.0,0.0,0.0,0.0,0.0,0.0,0.0,0.0,24,0.03403802005578621,34,5,29,0,0,0,0,0,0,0,0,1
1a28,A,861,LYS,-3.9,168.6,1.0,2,0,X,0.0,0.0,0.0,0.0,0.0,0.0,0.0,0.0,12,0.025178809356335007,7,0,7,0,0,0,0,0,0,0,0,1
1a28,A,862,GLY,-0.4,60.1,0.0,0,0,X,0.0,0.0,0.0,0.0,0.0,0.0,0.0,0.0,15,0.024246260861655933,19,0,19,0,0,0,0,0,0,0,0,1
1a28,A,863,VAL,4.2,140.0,0.0,0,0,X,0.0,0.0,0.0,0.0,0.0,0.0,0.0,0.0,12,0.02144861537761871,9,0,9,0,0,0,0,0,0,0,0,1
1a28,A,864,VAL,4.2,140.0,0.0,0,0,X,0.0,0.0,0.0,0.0,0.0,0.0,0.0,0.0,13,0.022381163872297785,11,0,11,0,0,0,0,0,0,0,0,1
1a28,A,865,SER,-0.8,89.0,0.0,1,1,X,0.0,0.0,0.0,0.0,0.0,0.0,0.0,0.0,16,0.032172923066428064,25,1,24,0,0,0,0,0,0,0,0,1
1a28,A,866,SER,-0.8,89.0,0.0,1,1,X,0.0,0.0,0.0,0.0,0.0,0.0,0.0,0.0,22,0.04289723075523742,27,2,25,0,0,0,0,0,0,0,0,1
1a28,A,867,SER,-0.8,89.0,0.0,1,1,X,0.0,0.0,0.0,0.0,0.0,0.0,0.0,0.0,18,0.03450429430312575,12,0,12,0,0,0,0,0,0,0,0,1
1a28,A,868,GLN,-3.5,143.8,0.0,2,2,X,0.0,0.0,0.0,0.0,0.0,0.0,0.0,0.0,15,0.03357174580844668,10,0,10,0,0,0,0,0,0,0,0,1
1a28,A,869,ARG,-4.5,173.4,1.0,5,0,X,0.0,0.0,0.0,0.0,0.0,0.0,0.0,0.0,30,0.043363505002576956,12,10,2,0,0,0,0,0,0,0,0,1
1a28,A,870,PHE,2.8,189.9,0.0,0,0,X,0.0,0.0,0.0,0.0,0.0,0.0,0.0,0.0,30,0.04476232774459557,25,7,18,0,0,0,0,0,0,0,0,1
1a28,A,871,TYR,-1.3,193.6,0.0,1,1,X,0.0,0.0,0.0,0.0,0.0,0.0,0.0,0.0,20,0.03963331102386066,28,6,22,0,0,0,0,0,0,0,0,1
1a28,A,872,GLN,-3.5,143.8,0.0,2,2,X,0.0,0.0,0.0,0.0,0.0,0.0,0.0,0.0,25,0.040099585271200194,29,11,18,0,0,0,0,0,0,0,0,1
1a28,A,873,LEU,3.8,166.7,0.0,0,0,X,0.0,0.0,0.0,0.0,0.0,0.0,0.0,0.0,35,0.048026247475972325,24,22,2,0,0,0,0,0,0,0,0,1
1a28,A,874,THR,-0.7,116.1,0.0,1,1,X,0.0,0.0,0.0,0.0,0.0,0.0,0.0,0.0,30,0.048958795970651406,30,8,22,0,0,0,0,0,0,0,0,1
1a28,A,875,LYS,-3.9,168.6,1.0,2,0,X,0.0,0.0,0.0,0.0,0.0,0.0,0.0,0.0,22,0.04429605349725603,18,11,7,0,0,0,0,0,0,0,0,1
1a28,A,876,LEU,3.8,166.7,0.0,0,0,X,0.0,0.0,0.0,0.0,0.0,0.0,0.0,0.0,29,0.03963331102386066,18,18,0,0,0,0,0,0,0,0,0,1
1a28,A,877,LEU,3.8,166.7,0.0,0,0,X,0.0,0.0,0.0,0.0,0.0,0.0,0.0,0.0,37,0.048492521723311866,33,10,23,0,0,0,0,0,0,0,0,1
1a28,A,878,ASP,-3.5,111.1,-1.0,1,3,X,0.0,0.0,0.0,0.0,0.0,0.0,0.0,0.0,25,0.04616115048661418,35,4,31,0,0,0,0,0,0,0,0,1
1a28,A,879,ASN,-3.5,114.1,0.0,2,2,X,0.0,0.0,0.0,0.0,0.0,0.0,0.0,0.0,23,0.03403802005578621,25,21,4,0,0,0,0,0,0,0,0,1
1a28,A,880,LEU,3.8,166.7,0.0,0,0,X,0.0,0.0,0.0,0.0,0.0,0.0,0.0,0.0,35,0.03916703677652112,21,18,3,0,0,0,0,0,0,0,0,1
1a28,A,881,HIS,-3.2,153.2,0.1,2,1,X,0.0,0.0,0.0,0.0,0.0,0.0,0.0,0.0,30,0.03730193978716297,20,16,4,0,0,0,0,0,0,0,0,1
1a28,A,882,ASP,-3.5,111.1,-1.0,1,3,X,0.0,0.0,0.0,0.0,0.0,0.0,0.0,0.0,19,0.030307826077069916,24,5,19,0,0,0,0,0,0,0,0,1
1a28,A,883,LEU,3.8,166.7,0.0,0,0,X,0.0,0.0,0.0,0.0,0.0,0.0,0.0,0.0,29,0.03823448828184205,23,11,12,0,0,0,0,0,0,0,0,1
1a28,A,884,VAL,4.2,140.0,0.0,0,0,X,0.0,0.0,0.0,0.0,0.0,0.0,0.0,0.0,36,0.04243095650789788,29,10,19,0,0,0,0,0,0,0,0,1
1a28,A,885,LYS,-3.9,168.6,1.0,2,0,X,0.0,0.0,0.0,0.0,0.0,0.0,0.0,0.0,26,0.04289723075523742,23,8,15,0,0,0,0,0,0,0,0,1
1a28,A,886,GLN,-3.5,143.8,0.0,2,2,X,0.0,0.0,0.0,0.0,0.0,0.0,0.0,0.0,26,0.04103213376587927,23,8,15,0,0,0,0,0,0,0,0,1
1a28,A,887,LEU,3.8,166.7,0.0,0,0,X,0.0,0.0,0.0,0.0,0.0,0.0,0.0,0.0,35,0.045228601991935104,20,4,16,0,0,0,0,0,0,0,0,1
1a28,A,888,HIS,-3.2,153.2,0.1,2,1,X,0.0,0.0,0.0,0.0,0.0,0.0,0.0,0.0,33,0.045228601991935104,16,4,12,0,0,0,0,0,0,0,0,1
1a28,A,889,LEU,3.8,166.7,0.0,0,0,X,0.0,0.0,0.0,0.0,0.0,0.0,0.0,0.0,28,0.043829779249916496,28,1,27,0,0,0,0,0,0,0,0,1
1a28,A,890,TYR,-1.3,193.6,0.0,1,1,X,0.0,0.0,0.0,0.0,0.0,0.0,0.0,0.0,33,0.03590311704514436,7,6,1,0,0,0,0,0,0,0,0,1
1a28,A,891,CYS,2.5,108.5,0.0,1,0,X,0.0,0.0,0.0,0.0,0.0,0.0,0.0,0.0,31,0.045228601991935104,13,0,13,0,0,0,0,0,0,0,0,1
1a28,A,892,LEU,3.8,166.7,0.0,0,0,X,0.0,0.0,0.0,0.0,0.0,0.0,0.0,0.0,29,0.05035761871267001,14,0,14,0,0,0,0,0,0,0,0,1
1a28,A,893,ASN,-3.5,114.1,0.0,2,2,X,0.0,0.0,0.0,0.0,0.0,0.0,0.0,0.0,26,0.04149840801321881,15,0,15,0,0,0,0,0,0,0,0,1
1a28,A,894,THR,-0.7,116.1,0.0,1,1,X,0.0,0.0,0.0,0.0,0.0,0.0,0.0,0.0,32,0.045694876239274644,6,7,-1,0,0,0,0,0,0,0,0,1
1a28,A,895,PHE,2.8,189.9,0.0,0,0,X,0.0,0.0,0.0,0.0,0.0,0.0,0.0,0.0,29,0.043829779249916496,6,9,-3,0,0,0,0,0,0,0,0,1
1a28,A,896,ILE,4.5,166.7,0.0,0,0,X,0.0,0.0,0.0,0.0,0.0,0.0,0.0,0.0,24,0.04149840801321881,8,4,4,0,0,0,0,0,0,0,0,1
1a28,A,897,GLN,-3.5,143.8,0.0,2,2,X,0.0,0.0,0.0,0.0,0.0,0.0,0.0,0.0,23,0.03730193978716297,7,2,5,0,0,0,0,0,0,0,0,1
1a28,A,898,SER,-0.8,89.0,0.0,1,1,X,0.0,0.0,0.0,0.0,0.0,0.0,0.0,0.0,22,0.04243095650789788,11,8,3,0,0,0,0,0,0,0,0,1
1a28,A,899,ARG,-4.5,173.4,1.0,5,0,X,0.0,0.0,0.0,0.0,0.0,0.0,0.0,0.0,11,0.025178809356335007,0,7,-7,0,0,0,0,0,0,0,0,1
1a28,A,900,ALA,1.8,88.6,0.0,0,0,X,0.0,0.0,0.0,0.0,0.0,0.0,0.0,0.0,14,0.022847438119637322,11,1,10,0,0,0,0,0,0,0,0,1
1a28,A,901,LEU,3.8,166.7,0.0,0,0,X,0.0,0.0,0.0,0.0,0.0,0.0,0.0,0.0,22,0.027510180593032695,8,9,-1,0,0,0,0,0,0,0,0,1
1a28,A,902,SER,-0.8,89.0,0.0,1,1,X,0.0,0.0,0.0,0.0,0.0,0.0,0.0,0.0,17,0.026577632098353617,11,8,3,0,0,0,0,0,0,0,0,1
1a28,A,903,VAL,4.2,140.0,0.0,0,0,X,0.0,0.0,0.0,0.0,0.0,0.0,0.0,0.0,29,0.04709369898129325,9,10,-1,0,0,0,0,0,0,0,0,1
1a28,A,904,GLU,-3.5,138.4,-1.0,1,3,X,0.0,0.0,0.0,0.0,0.0,0.0,0.0,0.0,23,0.03590311704514436,11,11,0,0,0,0,0,0,0,0,0,1
1a28,A,905,PHE,2.8,189.9,0.0,0,0,X,0.0,0.0,0.0,0.0,0.0,0.0,0.0,0.0,35,0.043829779249916496,5,27,-22,0,0,0,0,0,0,0,0,1
1a28,A,906,PRO,-1.6,112.7,0.0,0,0,X,0.0,0.0,0.0,0.0,0.0,0.0,0.0,0.0,24,0.03776821403450251,5,31,-26,0,0,0,0,0,0,0,0,1
1a28,A,907,GLU,-3.5,138.4,-1.0,1,3,X,0.0,0.0,0.0,0.0,0.0,0.0,0.0,0.0,15,0.026577632098353617,0,25,-25,0,0,0,0,0,0,0,0,1
1a28,A,908,MET,1.9,162.9,0.0,0,0,X,0.0,0.0,0.0,0.0,0.0,0.0,0.0,0.0,23,0.03310547156110714,6,27,-21,0,0,0,0,0,0,0,0,1
1a28,A,909,MET,1.9,162.9,0.0,0,0,X,0.0,0.0,0.0,0.0,0.0,0.0,0.0,0.0,31,0.04662742473395372,3,30,-27,0,0,0,0,0,0,0,0,1
1a28,A,910,SER,-0.8,89.0,0.0,1,1,X,0.0,0.0,0.0,0.0,0.0,0.0,0.0,0.0,23,0.04149840801321881,0,29,-29,0,0,0,0,0,0,0,0,1
1a28,A,911,GLU,-3.5,138.4,-1.0,1,3,X,0.0,0.0,0.0,0.0,0.0,0.0,0.0,0.0,20,0.032639197313767604,0,12,-12,0,0,0,0,0,0,0,0,1
1a28,A,912,VAL,4.2,140.0,0.0,0,0,X,0.0,0.0,0.0,0.0,0.0,0.0,0.0,0.0,33,0.04289723075523742,2,17,-15,0,0,0,0,0,0,0,0,1
1a28,A,913,ILE,4.5,166.7,0.0,0,0,X,0.0,0.0,0.0,0.0,0.0,0.0,0.0,0.0,34,0.04942507021799094,11,13,-2,0,0,0,0,0,0,0,0,1
1a28,A,914,ALA,1.8,88.6,0.0,0,0,X,0.0,0.0,0.0,0.0,0.0,0.0,0.0,0.0,24,0.04289723075523742,5,11,-6,0,0,0,0,0,0,0,0,1
1a28,A,915,ALA,1.8,88.6,0.0,0,0,X,0.0,0.0,0.0,0.0,0.0,0.0,0.0,0.0,24,0.03403802005578621,9,9,0,0,0,0,0,0,0,0,0,1
1a28,A,916,GLN,-3.5,143.8,0.0,2,2,X,0.0,0.0,0.0,0.0,0.0,0.0,0.0,0.0,31,0.04243095650789788,14,9,5,0,0,0,0,0,0,0,0,1
1a28,A,917,LEU,3.8,166.7,0.0,0,0,X,0.0,0.0,0.0,0.0,0.0,0.0,0.0,0.0,31,0.045694876239274644,25,2,23,0,0,0,0,0,0,0,0,1
1a28,A,918,PRO,-1.6,112.7,0.0,0,0,X,0.0,0.0,0.0,0.0,0.0,0.0,0.0,0.0,27,0.04942507021799094,24,1,23,0,0,0,0,0,0,0,0,1
1a28,A,919,LYS,-3.9,168.6,1.0,2,0,X,0.0,0.0,0.0,0.0,0.0,0.0,0.0,0.0,29,0.043829779249916496,4,3,1,0,0,0,0,0,0,0,0,1
1a28,A,920,ILE,4.5,166.7,0.0,0,0,X,0.0,0.0,0.0,0.0,0.0,0.0,0.0,0.0,33,0.04196468226055834,35,0,35,0,0,0,0,0,0,0,0,1
1a28,A,921,LEU,3.8,166.7,0.0,0,0,X,0.0,0.0,0.0,0.0,0.0,0.0,0.0,0.0,21,0.04662742473395372,36,0,36,0,0,0,0,0,0,0,0,1
1a28,A,922,ALA,1.8,88.6,0.0,0,0,X,0.0,0.0,0.0,0.0,0.0,0.0,0.0,0.0,19,0.03776821403450251,35,0,35,0,0,0,0,0,0,0,0,1
1a28,A,923,GLY,-0.4,60.1,0.0,0,0,X,0.0,0.0,0.0,0.0,0.0,0.0,0.0,0.0,19,0.03170664881908853,26,0,26,0,0,0,0,0,0,0,0,1
1a28,A,924,MET,1.9,162.9,0.0,0,0,X,0.0,0.0,0.0,0.0,0.0,0.0,0.0,0.0,21,0.03124037457174899,22,4,18,0,0,0,0,0,0,0,0,1
1a28,A,925,VAL,4.2,140.0,0.0,0,0,X,0.0,0.0,0.0,0.0,0.0,0.0,0.0,0.0,25,0.04103213376587927,25,7,18,0,0,0,0,0,0,0,0,1
1a28,A,926,LYS,-3.9,168.6,1.0,2,0,X,0.0,0.0,0.0,0.0,0.0,0.0,0.0,0.0,21,0.03590311704514436,8,8,0,0,0,0,0,0,0,0,0,1
1a28,A,927,PRO,-1.6,112.7,0.0,0,0,X,0.0,0.0,0.0,0.0,0.0,0.0,0.0,0.0,23,0.032639197313767604,23,8,15,0,0,0,0,0,0,0,0,1
1a28,A,928,LEU,3.8,166.7,0.0,0,0,X,0.0,0.0,0.0,0.0,0.0,0.0,0.0,0.0,26,0.03776821403450251,29,11,18,0,0,0,0,0,0,0,0,1
1a28,A,929,LEU,3.8,166.7,0.0,0,0,X,0.0,0.0,0.0,0.0,0.0,0.0,0.0,0.0,19,0.0363693912924839,48,9,39,0,0,0,0,0,0,0,0,1
1a28,A,930,PHE,2.8,189.9,0.0,0,0,X,0.0,0.0,0.0,0.0,0.0,0.0,0.0,0.0,23,0.03310547156110714,38,8,30,0,0,0,0,0,0,0,0,1
1a28,A,931,HIS,-3.2,153.2,0.1,2,1,X,0.0,0.0,0.0,0.0,0.0,0.0,0.0,0.0,16,0.027510180593032695,20,8,12,0,0,0,0,0,0,0,0,1
1a28,A,932,LYS,-3.9,168.6,1.0,2,0,X,0.0,0.0,0.0,0.0,0.0,0.0,0.0,0.0,6,0.015853324409544265,13,4,9,0,0,0,0,0,0,0,0,1
1a28,B,683,LEU,3.8,166.7,0.0,0,0,X,0.0,0.0,0.0,0.0,0.0,0.0,0.0,0.0,9,0.014454501667525653,1,1,0,0,0,0,0,0,0,0,0,1
1a28,B,684,ILE,4.5,166.7,0.0,0,0,X,0.0,0.0,0.0,0.0,0.0,0.0,0.0,0.0,18,0.026577632098353617,10,14,-4,0,0,0,0,0,0,0,0,1
1a28,B,685,PRO,-1.6,112.7,0.0,0,0,X,0.0,0.0,0.0,0.0,0.0,0.0,0.0,0.0,23,0.03357174580844668,12,19,-7,0,0,0,0,0,0,0,0,1
1a28,B,686,PRO,-1.6,112.7,0.0,0,0,X,0.0,0.0,0.0,0.0,0.0,0.0,0.0,0.0,14,0.02844272908771177,5,7,-2,0,0,0,0,0,0,0,0,1
1a28,B,687,LEU,3.8,166.7,0.0,0,0,X,0.0,0.0,0.0,0.0,0.0,0.0,0.0,0.0,27,0.03403802005578621,7,10,-3,0,0,0,0,0,0,0,0,1
1a28,B,688,ILE,4.5,166.7,0.0,0,0,X,0.0,0.0,0.0,0.0,0.0,0.0,0.0,0.0,33,0.04709369898129325,12,24,-12,0,0,0,0,0,0,0,0,1
1a28,B,689,ASN,-3.5,114.1,0.0,2,2,X,0.0,0.0,0.0,0.0,0.0,0.0,0.0,0.0,18,0.03683566553982344,0,13,-13,0,0,0,0,0,0,0,0,1
1a28,B,690,LEU,3.8,166.7,0.0,0,0,X,0.0,0.0,0.0,0.0,0.0,0.0,0.0,0.0,20,0.03310547156110714,0,8,-8,0,0,0,0,0,0,0,0,1
1a28,B,691,LEU,3.8,166.7,0.0,0,0,X,0.0,0.0,0.0,0.0,0.0,0.0,0.0,0.0,28,0.04755997322863279,9,23,-14,0,0,0,0,0,0,0,0,1
1a28,B,692,MET,1.9,162.9,0.0,0,0,X,0.0,0.0,0.0,0.0,0.0,0.0,0.0,0.0,22,0.0363693912924839,4,19,-15,0,0,0,0,0,0,0,0,1
1a28,B,693,SER,-0.8,89.0,0.0,1,1,X,0.0,0.0,0.0,0.0,0.0,0.0,0.0,0.0,18,0.025645083603674543,1,10,-9,0,0,0,0,0,0,0,0,1
1a28,B,694,ILE,4.5,166.7,0.0,0,0,X,0.0,0.0,0.0,0.0,0.0,0.0,0.0,0.0,24,0.0363693912924839,16,11,5,0,0,0,0,0,0,0,0,1
1a28,B,695,GLU,-3.5,138.4,-1.0,1,3,X,0.0,0.0,0.0,0.0,0.0,0.0,0.0,0.0,28,0.03357174580844668,11,8,3,0,0,0,0,0,0,0,0,1
1a28,B,696,PRO,-1.6,112.7,0.0,0,0,X,0.0,0.0,0.0,0.0,0.0,0.0,0.0,0.0,25,0.028909003335051305,20,17,3,0,0,0,0,0,0,0,0,1
1a28,B,697,ASP,-3.5,111.1,-1.0,1,3,X,0.0,0.0,0.0,0.0,0.0,0.0,0.0,0.0,13,0.01818469564624195,4,9,-5,0,0,0,0,0,0,0,0,1
1a28,B,698,VAL,4.2,140.0,0.0,0,0,X,0.0,0.0,0.0,0.0,0.0,0.0,0.0,0.0,17,0.027510180593032695,15,16,-1,0,0,0,0,0,0,0,0,1
1a28,B,699,ILE,4.5,166.7,0.0,0,0,X,0.0,0.0,0.0,0.0,0.0,0.0,0.0,0.0,24,0.03916703677652112,18,18,0,0,0,0,0,0,0,0,0,1
1a28,B,700,TYR,-1.3,193.6,0.0,1,1,X,0.0,0.0,0.0,0.0,0.0,0.0,0.0,0.0,18,0.03823448828184205,15,15,0,0,0,0,0,0,0,0,0,1
1a28,B,701,ALA,1.8,88.6,0.0,0,0,X,0.0,0.0,0.0,0.0,0.0,0.0,0.0,0.0,26,0.048492521723311866,21,19,2,0,0,0,0,0,0,0,0,1
1a28,B,702,GLY,-0.4,60.1,0.0,0,0,X,0.0,0.0,0.0,0.0,0.0,0.0,0.0,0.0,21,0.03170664881908853,17,16,1,0,0,0,0,0,0,0,0,1
1a28,B,703,HIS,-3.2,153.2,0.1,2,1,X,0.0,0.0,0.0,0.0,0.0,0.0,0.0,0.0,29,0.03310547156110714,14,23,-9,0,0,0,0,0,0,0,0,1
1a28,B,704,ASP,-3.5,111.1,-1.0,1,3,X,0.0,0.0,0.0,0.0,0.0,0.0,0.0,0.0,17,0.027043906345693154,23,16,7,0,0,0,0,0,0,0,0,1
1a28,B,705,ASN,-3.5,114.1,0.0,2,2,X,0.0,0.0,0.0,0.0,0.0,0.0,0.0,0.0,17,0.027043906345693154,23,23,0,0,0,0,0,0,0,0,0,1
1a28,B,706,THR,-0.7,116.1,0.0,1,1,X,0.0,0.0,0.0,0.0,0.0,0.0,0.0,0.0,8,0.01958351838826056,20,13,7,0,0,0,0,0,0,0,0,1
1a28,B,707,LYS,-3.9,168.6,1.0,2,0,X,0.0,0.0,0.0,0.0,0.0,0.0,0.0,0.0,10,0.023779986614316396,10,16,-6,0,0,0,0,0,0,0,0,1
1a28,B,708,PRO,-1.6,112.7,0.0,0,0,X,0.0,0.0,0.0,0.0,0.0,0.0,0.0,0.0,12,0.022847438119637322,20,19,1,0,0,0,0,0,0,0,0,1
1a28,B,709,ASP,-3.5,111.1,-1.0,1,3,X,0.0,0.0,0.0,0.0,0.0,0.0,0.0,0.0,24,0.03450429430312575,26,17,9,0,0,0,0,0,0,0,0,1
1a28,B,710,THR,-0.7,116.1,0.0,1,1,X,0.0,0.0,0.0,0.0,0.0,0.0,0.0,0.0,20,0.027510180593032695,17,16,1,0,0,0,0,0,0,0,0,1
1a28,B,711,SER,-0.8,89.0,0.0,1,1,X,0.0,0.0,0.0,0.0,0.0,0.0,0.0,0.0,24,0.035436842797804825,2,12,-10,0,0,0,0,0,0,0,0,1
1a28,B,712,SER,-0.8,89.0,0.0,1,1,X,0.0,0.0,0.0,0.0,0.0,0.0,0.0,0.0,27,0.03403802005578621,5,15,-10,0,0,0,0,0,0,0,0,1
1a28,B,713,SER,-0.8,89.0,0.0,1,1,X,0.0,0.0,0.0,0.0,0.0,0.0,0.0,0.0,26,0.03776821403450251,22,20,2,0,0,0,0,0,0,0,0,1
1a28,B,714,LEU,3.8,166.7,0.0,0,0,X,0.0,0.0,0.0,0.0,0.0,0.0,0.0,0.0,33,0.04709369898129325,20,17,3,0,0,0,0,0,0,0,0,1
1a28,B,715,LEU,3.8,166.7,0.0,0,0,X,0.0,0.0,0.0,0.0,0.0,0.0,0.0,0.0,35,0.04429605349725603,3,8,-5,0,0,0,0,0,0,0,0,1
1a28,B,716,THR,-0.7,116.1,0.0,1,1,X,0.0,0.0,0.0,0.0,0.0,0.0,0.0,0.0,28,0.043829779249916496,9,14,-5,0,0,0,0,0,0,0,0,1
1a28,B,717,SER,-0.8,89.0,0.0,1,1,X,0.0,0.0,0.0,0.0,0.0,0.0,0.0,0.0,34,0.043829779249916496,20,25,-5,0,0,0,0,0,0,0,0,1
1a28,B,718,LEU,3.8,166.7,0.0,0,0,X,0.0,0.0,0.0,0.0,0.0,0.0,0.0,0.0,44,0.04103213376587927,12,9,3,0,0,0,0,0,0,0,0,1
1a28,B,719,ASN,-3.5,114.1,0.0,2,2,X,0.0,0.0,0.0,0.0,0.0,0.0,0.0,0.0,35,0.045228601991935104,7,20,-13,0,0,0,0,0,0,0,0,1
1a28,B,720,GLN,-3.5,143.8,0.0,2,2,X,0.0,0.0,0.0,0.0,0.0,0.0,0.0,0.0,28,0.043829779249916496,18,21,-3,0,0,0,0,0,0,0,0,1
1a28,B,721,LEU,3.8,166.7,0.0,0,0,X,0.0,0.0,0.0,0.0,0.0,0.0,0.0,0.0,32,0.04755997322863279,21,16,5,0,0,0,0,0,0,0,0,1
1a28,B,722,GLY,-0.4,60.1,0.0,0,0,X,0.0,0.0,0.0,0.0,0.0,0.0,0.0,0.0,35,0.04103213376587927,14,12,2,0,0,0,0,0,0,0,0,1
1a28,B,723,GLU,-3.5,138.4,-1.0,1,3,X,0.0,0.0,0.0,0.0,0.0,0.0,0.0,0.0,29,0.04662742473395372,11,15,-4,0,0,0,0,0,0,0,0,1
1a28,B,724,ARG,-4.5,173.4,1.0,5,0,X,0.0,0.0,0.0,0.0,0.0,0.0,0.0,0.0,27,0.03916703677652112,1,13,-12,0,0,0,0,0,0,0,0,1
1a28,B,725,GLN,-3.5,143.8,0.0,2,2,X,0.0,0.0,0.0,0.0,0.0,0.0,0.0,0.0,33,0.03916703677652112,16,11,5,0,0,0,0,0,0,0,0,1
1a28,B,726,LEU,3.8,166.7,0.0,0,0,X,0.0,0.0,0.0,0.0,0.0,0.0,0.0,0.0,30,0.043829779249916496,11,19,-8,0,0,0,0,0,0,0,0,1
1a28,B,727,LEU,3.8,166.7,0.0,0,0,X,0.0,0.0,0.0,0.0,0.0,0.0,0.0,0.0,24,0.03403802005578621,21,11,10,0,0,0,0,0,0,0,0,1
1a28,B,728,SER,-0.8,89.0,0.0,1,1,X,0.0,0.0,0.0,0.0,0.0,0.0,0.0,0.0,26,0.03683566553982344,24,17,7,0,0,0,0,0,0,0,0,1
1a28,B,729,VAL,4.2,140.0,0.0,0,0,X,0.0,0.0,0.0,0.0,0.0,0.0,0.0,0.0,33,0.04149840801321881,24,7,17,0,0,0,0,0,0,0,0,1
1a28,B,730,VAL,4.2,140.0,0.0,0,0,X,0.0,0.0,0.0,0.0,0.0,0.0,0.0,0.0,28,0.03590311704514436,20,2,18,0,0,0,0,0,0,0,0,1
1a28,B,731,LYS,-3.9,168.6,1.0,2,0,X,0.0,0.0,0.0,0.0,0.0,0.0,0.0,0.0,19,0.032639197313767604,10,5,5,0,0,0,0,0,0,0,0,1
1a28,B,732,TRP,-0.9,227.8,0.0,1,0,X,0.0,0.0,0.0,0.0,0.0,0.0,0.0,0.0,31,0.043829779249916496,26,10,16,0,0,0,0,0,0,0,0,1
1a28,B,733,SER,-0.8,89.0,0.0,1,1,X,0.0,0.0,0.0,0.0,0.0,0.0,0.0,0.0,32,0.04476232774459557,27,0,27,0,0,0,0,0,0,0,0,1
1a28,B,734,LYS,-3.9,168.6,1.0,2,0,X,0.0,0.0,0.0,0.0,0.0,0.0,0.0,0.0,20,0.03776821403450251,19,0,19,0,0,0,0,0,0,0,0,1
1a28,B,735,SER,-0.8,89.0,0.0,1,1,X,0.0,0.0,0.0,0.0,0.0,0.0,0.0,0.0,24,0.03730193978716297,28,4,24,0,0,0,0,0,0,0,0,1
1a28,B,736,LEU,3.8,166.7,0.0,0,0,X,0.0,0.0,0.0,0.0,0.0,0.0,0.0,0.0,30,0.04616115048661418,24,3,21,0,0,0,0,0,0,0,0,1
1a28,B,737,PRO,-1.6,112.7,0.0,0,0,X,0.0,0.0,0.0,0.0,0.0,0.0,0.0,0.0,23,0.03357174580844668,16,1,15,0,0,0,0,0,0,0,0,1
1a28,B,738,GLY,-0.4,60.1,0.0,0,0,X,0.0,0.0,0.0,0.0,0.0,0.0,0.0,0.0,28,0.03450429430312575,18,6,12,0,0,0,0,0,0,0,0,1
1a28,B,739,PHE,2.8,189.9,0.0,0,0,X,0.0,0.0,0.0,0.0,0.0,0.0,0.0,0.0,34,0.043829779249916496,25,10,15,0,0,0,0,0,0,0,0,1
1a28,B,740,ARG,-4.5,173.4,1.0,5,0,X,0.0,0.0,0.0,0.0,0.0,0.0,0.0,0.0,15,0.03776821403450251,13,0,13,0,0,0,0,0,0,0,0,1
1a28,B,741,ASN,-3.5,114.1,0.0,2,2,X,0.0,0.0,0.0,0.0,0.0,0.0,0.0,0.0,18,0.02844272908771177,20,3,17,0,0,0,0,0,0,0,0,1
1a28,B,742,LEU,3.8,166.7,0.0,0,0,X,0.0,0.0,0.0,0.0,0.0,0.0,0.0,0.0,29,0.04429605349725603,26,15,11,0,0,0,0,0,0,0,0,1
1a28,B,743,HIS,-3.2,153.2,0.1,2,1,X,0.0,0.0,0.0,0.0,0.0,0.0,0.0,0.0,16,0.03870076252918159,15,16,-1,0,0,0,0,0,0,0,0,1
1a28,B,744,ILE,4.5,166.7,0.0,0,0,X,0.0,0.0,0.0,0.0,0.0,0.0,0.0,0.0,16,0.03124037457174899,25,16,9,0,0,0,0,0,0,0,0,1
1a28,B,745,ASP,-3.5,111.1,-1.0,1,3,X,0.0,0.0,0.0,0.0,0.0,0.0,0.0,0.0,17,0.03310547156110714,21,8,13,0,0,0,0,0,0,0,0,1
1a28,B,746,ASP,-3.5,111.1,-1.0,1,3,X,0.0,0.0,0.0,0.0,0.0,0.0,0.0,0.0,30,0.04942507021799094,25,9,16,0,0,0,0,0,0,0,0,1
1a28,B,747,GLN,-3.5,143.8,0.0,2,2,X,0.0,0.0,0.0,0.0,0.0,0.0,0.0,0.0,25,0.04616115048661418,26,16,10,0,0,0,0,0,0,0,0,1
1a28,B,748,ILE,4.5,166.7,0.0,0,0,X,0.0,0.0,0.0,0.0,0.0,0.0,0.0,0.0,24,0.0363693912924839,9,22,-13,0,0,0,0,0,0,0,0,1
1a28,B,749,THR,-0.7,116.1,0.0,1,1,X,0.0,0.0,0.0,0.0,0.0,0.0,0.0,0.0,31,0.04103213376587927,10,17,-7,0,0,0,0,0,0,0,0,1
1a28,B,750,LEU,3.8,166.7,0.0,0,0,X,0.0,0.0,0.0,0.0,0.0,0.0,0.0,0.0,37,0.05455408693872585,4,13,-9,0,0,0,0,0,0,0,0,1
1a28,B,751,ILE,4.5,166.7,0.0,0,0,X,0.0,0.0,0.0,0.0,0.0,0.0,0.0,0.0,37,0.048492521723311866,2,9,-7,0,0,0,0,0,0,0,0,1
1a28,B,752,GLN,-3.5,143.8,0.0,2,2,X,0.0,0.0,0.0,0.0,0.0,0.0,0.0,0.0,35,0.04709369898129325,6,16,-10,0,0,0,0,0,0,0,0,1
1a28,B,753,TYR,-1.3,193.6,0.0,1,1,X,0.0,0.0,0.0,0.0,0.0,0.0,0.0,0.0,38,0.048958795970651406,21,7,14,0,0,0,0,0,0,0,0,1
1a28,B,754,SER,-0.8,89.0,0.0,1,1,X,0.0,0.0,0.0,0.0,0.0,0.0,0.0,0.0,37,0.048958795970651406,11,1,10,0,0,0,0,0,0,0,0,1
1a28,B,755,TRP,-0.9,227.8,0.0,1,0,X,0.0,0.0,0.0,0.0,0.0,0.0,0.0,0.0,36,0.04289723075523742,10,8,2,0,0,0,0,0,0,0,0,1
1a28,B,756,MET,1.9,162.9,0.0,0,0,X,0.0,0.0,0.0,0.0,0.0,0.0,0.0,0.0,36,0.03963331102386066,17,0,17,0,0,0,0,0,0,0,0,1
1a28,B,757,SER,-0.8,89.0,0.0,1,1,X,0.0,0.0,0.0,0.0,0.0,0.0,0.0,0.0,39,0.04616115048661418,27,1,26,0,0,0,0,0,0,0,0,1
1a28,B,758,LEU,3.8,166.7,0.0,0,0,X,0.0,0.0,0.0,0.0,0.0,0.0,0.0,0.0,38,0.045694876239274644,12,3,9,0,0,0,0,0,0,0,0,1
1a28,B,759,MET,1.9,162.9,0.0,0,0,X,0.0,0.0,0.0,0.0,0.0,0.0,0.0,0.0,36,0.040099585271200194,17,4,13,0,0,0,0,0,0,0,0,1
1a28,B,760,VAL,4.2,140.0,0.0,0,0,X,0.0,0.0,0.0,0.0,0.0,0.0,0.0,0.0,36,0.04243095650789788,11,0,11,0,0,0,0,0,0,0,0,1
1a28,B,761,PHE,2.8,189.9,0.0,0,0,X,0.0,0.0,0.0,0.0,0.0,0.0,0.0,0.0,39,0.04755997322863279,16,6,10,0,0,0,0,0,0,0,0,1
1a28,B,762,GLY,-0.4,60.1,0.0,0,0,X,0.0,0.0,0.0,0.0,0.0,0.0,0.0,0.0,32,0.043829779249916496,24,4,20,0,0,0,0,0,0,0,0,1
1a28,B,763,LEU,3.8,166.7,0.0,0,0,X,0.0,0.0,0.0,0.0,0.0,0.0,0.0,0.0,40,0.04989134446533048,14,0,14,0,0,0,0,0,0,0,0,1
1a28,B,764,GLY,-0.4,60.1,0.0,0,0,X,0.0,0.0,0.0,0.0,0.0,0.0,0.0,0.0,36,0.05688545817542354,26,5,21,0,0,0,0,0,0,0,0,1
1a28,B,765,TRP,-0.9,227.8,0.0,1,0,X,0.0,0.0,0.0,0.0,0.0,0.0,0.0,0.0,31,0.05129016720734909,36,13,23,0,0,0,0,0,0,0,0,1
1a28,B,766,ARG,-4.5,173.4,1.0,5,0,X,0.0,0.0,0.0,0.0,0.0,0.0,0.0,0.0,34,0.04755997322863279,21,5,16,0,0,0,0,0,0,0,0,1
1a28,B,767,SER,-0.8,89.0,0.0,1,1,X,0.0,0.0,0.0,0.0,0.0,0.0,0.0,0.0,33,0.05548663543340492,28,1,27,0,0,0,0,0,0,0,0,1
1a28,B,768,TYR,-1.3,193.6,0.0,1,1,X,0.0,0.0,0.0,0.0,0.0,0.0,0.0,0.0,29,0.05129016720734909,30,5,25,0,0,0,0,0,0,0,0,1
1a28,B,769,LYS,-3.9,168.6,1.0,2,0,X,0.0,0.0,0.0,0.0,0.0,0.0,0.0,0.0,21,0.0363693912924839,18,0,18,0,0,0,0,0,0,0,0,1
1a28,B,770,HIS,-3.2,153.2,0.1,2,1,X,0.0,0.0,0.0,0.0,0.0,0.0,0.0,0.0,20,0.030774100324409453,19,0,19,0,0,0,0,0,0,0,0,1
1a28,B,771,VAL,4.2,140.0,0.0,0,0,X,0.0,0.0,0.0,0.0,0.0,0.0,0.0,0.0,24,0.03403802005578621,23,0,23,0,0,0,0,0,0,0,0,1
1a28,B,772,SER,-0.8,89.0,0.0,1,1,X,0.0,0.0,0.0,0.0,0.0,0.0,0.0,0.0,19,0.030307826077069916,19,0,19,0,0,0,0,0,0,0,0,1
1a28,B,773,GLY,-0.4,60.1,0.0,0,0,X,0.0,0.0,0.0,0.0,0.0,0.0,0.0,0.0,29,0.05035761871267001,18,4,14,0,0,0,0,0,0,0,0,1
1a28,B,774,GLN,-3.5,143.8,0.0,2,2,X,0.0,0.0,0.0,0.0,0.0,0.0,0.0,0.0,23,0.03870076252918159,7,9,-2,0,0,0,0,0,0,0,0,1
1a28,B,775,MET,1.9,162.9,0.0,0,0,X,0.0,0.0,0.0,0.0,0.0,0.0,0.0,0.0,26,0.045228601991935104,20,8,12,0,0,0,0,0,0,0,0,1
1a28,B,776,LEU,3.8,166.7,0.0,0,0,X,0.0,0.0,0.0,0.0,0.0,0.0,0.0,0.0,40,0.05548663543340492,20,6,14,0,0,0,0,0,0,0,0,1
1a28,B,777,TYR,-1.3,193.6,0.0,1,1,X,0.0,0.0,0.0,0.0,0.0,0.0,0.0,0.0,30,0.05455408693872585,28,7,21,0,0,0,0,0,0,0,0,1
1a28,B,778,PHE,2.8,189.9,0.0,0,0,X,0.0,0.0,0.0,0.0,0.0,0.0,0.0,0.0,35,0.05035761871267001,19,8,11,0,0,0,0,0,0,0,0,1
1a28,B,779,ALA,1.8,88.6,0.0,0,0,X,0.0,0.0,0.0,0.0,0.0,0.0,0.0,0.0,30,0.04709369898129325,29,9,20,0,0,0,0,0,0,0,0,1
1a28,B,780,PRO,-1.6,112.7,0.0,0,0,X,0.0,0.0,0.0,0.0,0.0,0.0,0.0,0.0,22,0.03683566553982344,22,9,13,0,0,0,0,0,0,0,0,1
1a28,B,781,ASP,-3.5,111.1,-1.0,1,3,X,0.0,0.0,0.0,0.0,0.0,0.0,0.0,0.0,24,0.040099585271200194,18,8,10,0,0,0,0,0,0,0,0,1
1a28,B,782,LEU,3.8,166.7,0.0,0,0,X,0.0,0.0,0.0,0.0,0.0,0.0,0.0,0.0,32,0.048492521723311866,21,20,1,0,0,0,0,0,0,0,0,1
1a28,B,783,ILE,4.5,166.7,0.0,0,0,X,0.0,0.0,0.0,0.0,0.0,0.0,0.0,0.0,26,0.04662742473395372,26,11,15,0,0,0,0,0,0,0,0,1
1a28,B,784,LEU,3.8,166.7,0.0,0,0,X,0.0,0.0,0.0,0.0,0.0,0.0,0.0,0.0,32,0.04476232774459557,20,19,1,0,0,0,0,0,0,0,0,1
1a28,B,785,ASN,-3.5,114.1,0.0,2,2,X,0.0,0.0,0.0,0.0,0.0,0.0,0.0,0.0,21,0.03823448828184205,19,19,0,0,0,0,0,0,0,0,0,1
1a28,B,786,GLU,-3.5,138.4,-1.0,1,3,X,0.0,0.0,0.0,0.0,0.0,0.0,0.0,0.0,17,0.04103213376587927,16,7,9,0,0,0,0,0,0,0,0,1
1a28,B,787,GLN,-3.5,143.8,0.0,2,2,X,0.0,0.0,0.0,0.0,0.0,0.0,0.0,0.0,12,0.03124037457174899,17,19,-2,0,0,0,0,0,0,0,0,1
1a28,B,788,ARG,-4.5,173.4,1.0,5,0,X,0.0,0.0,0.0,0.0,0.0,0.0,0.0,0.0,27,0.03730193978716297,12,26,-14,0,0,0,0,0,0,0,0,1
1a28,B,789,MET,1.9,162.9,0.0,0,0,X,0.0,0.0,0.0,0.0,0.0,0.0,0.0,0.0,27,0.0526889899493677,20,20,0,0,0,0,0,0,0,0,0,1
1a28,B,790,LYS,-3.9,168.6,1.0,2,0,X,0.0,0.0,0.0,0.0,0.0,0.0,0.0,0.0,15,0.03823448828184205,6,18,-12,0,0,0,0,0,0,0,0,1
1a28,B,791,GLU,-3.5,138.4,-1.0,1,3,X,0.0,0.0,0.0,0.0,0.0,0.0,0.0,0.0,17,0.030307826077069916,19,14,5,0,0,0,0,0,0,0,0,1
1a28,B,792,SER,-0.8,89.0,0.0,1,1,X,0.0,0.0,0.0,0.0,0.0,0.0,0.0,0.0,27,0.04103213376587927,17,20,-3,0,0,0,0,0,0,0,0,1
1a28,B,793,SER,-0.8,89.0,0.0,1,1,X,0.0,0.0,0.0,0.0,0.0,0.0,0.0,0.0,21,0.027043906345693154,8,12,-4,0,0,0,0,0,0,0,0,1
1a28,B,794,PHE,2.8,189.9,0.0,0,0,X,0.0,0.0,0.0,0.0,0.0,0.0,0.0,0.0,29,0.03590311704514436,10,9,1,0,0,0,0,0,0,0,0,1
1a28,B,795,TYR,-1.3,193.6,0.0,1,1,X,0.0,0.0,0.0,0.0,0.0,0.0,0.0,0.0,19,0.03776821403450251,14,15,-1,0,0,0,0,0,0,0,0,1
1a28,B,796,SER,-0.8,89.0,0.0,1,1,X,0.0,0.0,0.0,0.0,0.0,0.0,0.0,0.0,17,0.02844272908771177,5,0,5,0,0,0,0,0,0,0,0,1
1a28,B,797,LEU,3.8,166.7,0.0,0,0,X,0.0,0.0,0.0,0.0,0.0,0.0,0.0,0.0,30,0.03870076252918159,3,0,3,0,0,0,0,0,0,0,0,1
1a28,B,798,CYS,2.5,108.5,0.0,1,0,X,0.0,0.0,0.0,0.0,0.0,0.0,0.0,0.0,34,0.045694876239274644,10,9,1,0,0,0,0,0,0,0,0,1
1a28,B,799,LEU,3.8,166.7,0.0,0,0,X,0.0,0.0,0.0,0.0,0.0,0.0,0.0,0.0,21,0.040099585271200194,4,9,-5,0,0,0,0,0,0,0,0,1
1a28,B,800,THR,-0.7,116.1,0.0,1,1,X,0.0,0.0,0.0,0.0,0.0,0.0,0.0,0.0,24,0.03776821403450251,2,2,0,0,0,0,0,0,0,0,0,1
1a28,B,801,MET,1.9,162.9,0.0,0,0,X,0.0,0.0,0.0,0.0,0.0,0.0,0.0,0.0,32,0.04476232774459557,0,0,0,0,0,0,0,0,0,0,0,1
1a28,B,802,TRP,-0.9,227.8,0.0,1,0,X,0.0,0.0,0.0,0.0,0.0,0.0,0.0,0.0,30,0.048492521723311866,0,11,-11,0,0,0,0,0,0,0,0,1
1a28,B,803,GLN,-3.5,143.8,0.0,2,2,X,0.0,0.0,0.0,0.0,0.0,0.0,0.0,0.0,24,0.0363693912924839,2,9,-7,0,0,0,0,0,0,0,0,1
1a28,B,804,ILE,4.5,166.7,0.0,0,0,X,0.0,0.0,0.0,0.0,0.0,0.0,0.0,0.0,40,0.04709369898129325,4,9,-5,0,0,0,0,0,0,0,0,1
1a28,B,805,PRO,-1.6,112.7,0.0,0,0,X,0.0,0.0,0.0,0.0,0.0,0.0,0.0,0.0,35,0.05222271570202816,14,9,5,0,0,0,0,0,0,0,0,1
1a28,B,806,GLN,-3.5,143.8,0.0,2,2,X,0.0,0.0,0.0,0.0,0.0,0.0,0.0,0.0,24,0.04289723075523742,9,9,0,0,0,0,0,0,0,0,0,1
1a28,B,807,GLU,-3.5,138.4,-1.0,1,3,X,0.0,0.0,0.0,0.0,0.0,0.0,0.0,0.0,24,0.03870076252918159,13,0,13,0,0,0,0,0,0,0,0,1
1a28,B,808,PHE,2.8,189.9,0.0,0,0,X,0.0,0.0,0.0,0.0,0.0,0.0,0.0,0.0,34,0.048492521723311866,17,15,2,0,0,0,0,0,0,0,0,1
1a28,B,809,VAL,4.2,140.0,0.0,0,0,X,0.0,0.0,0.0,0.0,0.0,0.0,0.0,0.0,23,0.040099585271200194,12,9,3,0,0,0,0,0,0,0,0,1
1a28,B,810,LYS,-3.9,168.6,1.0,2,0,X,0.0,0.0,0.0,0.0,0.0,0.0,0.0,0.0,15,0.02984155182973038,3,9,-6,0,0,0,0,0,0,0,0,1
1a28,B,811,LEU,3.8,166.7,0.0,0,0,X,0.0,0.0,0.0,0.0,0.0,0.0,0.0,0.0,24,0.0363693912924839,20,14,6,0,0,0,0,0,0,0,0,1
1a28,B,812,GLN,-3.5,143.8,0.0,2,2,X,0.0,0.0,0.0,0.0,0.0,0.0,0.0,0.0,18,0.032172923066428064,20,10,10,0,0,0,0,0,0,0,0,1
1a28,B,813,VAL,4.2,140.0,0.0,0,0,X,0.0,0.0,0.0,0.0,0.0,0.0,0.0,0.0,30,0.04709369898129325,24,26,-2,0,0,0,0,0,0,0,0,1
1a28,B,814,SER,-0.8,89.0,0.0,1,1,X,0.0,0.0,0.0,0.0,0.0,0.0,0.0,0.0,26,0.03823448828184205,19,18,1,0,0,0,0,0,0,0,0,1
1a28,B,815,GLN,-3.5,143.8,0.0,2,2,X,0.0,0.0,0.0,0.0,0.0,0.0,0.0,0.0,23,0.03823448828184205,12,23,-11,0,0,0,0,0,0,0,0,1
1a28,B,816,GLU,-3.5,138.4,-1.0,1,3,X,0.0,0.0,0.0,0.0,0.0,0.0,0.0,0.0,30,0.045694876239274644,18,15,3,0,0,0,0,0,0,0,0,1
1a28,B,817,GLU,-3.5,138.4,-1.0,1,3,X,0.0,0.0,0.0,0.0,0.0,0.0,0.0,0.0,37,0.05035761871267001,28,14,14,0,0,0,0,0,0,0,0,1
1a28,B,818,PHE,2.8,189.9,0.0,0,0,X,0.0,0.0,0.0,0.0,0.0,0.0,0.0,0.0,36,0.04942507021799094,16,23,-7,0,0,0,0,0,0,0,0,1
1a28,B,819,LEU,3.8,166.7,0.0,0,0,X,0.0,0.0,0.0,0.0,0.0,0.0,0.0,0.0,33,0.05175644145468863,9,32,-23,0,0,0,0,0,0,0,0,1
1a28,B,820,CYS,2.5,108.5,0.0,1,0,X,0.0,0.0,0.0,0.0,0.0,0.0,0.0,0.0,42,0.05455408693872585,19,27,-8,0,0,0,0,0,0,0,0,1
1a28,B,821,MET,1.9,162.9,0.0,0,0,X,0.0,0.0,0.0,0.0,0.0,0.0,0.0,0.0,42,0.04709369898129325,12,18,-6,0,0,0,0,0,0,0,0,1
1a28,B,822,LYS,-3.9,168.6,1.0,2,0,X,0.0,0.0,0.0,0.0,0.0,0.0,0.0,0.0,33,0.04989134446533048,0,14,-14,0,0,0,0,0,0,0,0,1
1a28,B,823,VAL,4.2,140.0,0.0,0,0,X,0.0,0.0,0.0,0.0,0.0,0.0,0.0,0.0,37,0.04662742473395372,17,9,8,0,0,0,0,0,0,0,0,1
1a28,B,824,LEU,3.8,166.7,0.0,0,0,X,0.0,0.0,0.0,0.0,0.0,0.0,0.0,0.0,38,0.048958795970651406,21,8,13,0,0,0,0,0,0,0,0,1
1a28,B,825,LEU,3.8,166.7,0.0,0,0,X,0.0,0.0,0.0,0.0,0.0,0.0,0.0,0.0,38,0.04942507021799094,22,6,16,0,0,0,0,0,0,0,0,1
1a28,B,826,LEU,3.8,166.7,0.0,0,0,X,0.0,0.0,0.0,0.0,0.0,0.0,0.0,0.0,38,0.05035761871267001,15,2,13,0,0,0,0,0,0,0,0,1
1a28,B,827,LEU,3.8,166.7,0.0,0,0,X,0.0,0.0,0.0,0.0,0.0,0.0,0.0,0.0,43,0.04755997322863279,17,14,3,0,0,0,0,0,0,0,0,1
1a28,B,828,ASN,-3.5,114.1,0.0,2,2,X,0.0,0.0,0.0,0.0,0.0,0.0,0.0,0.0,30,0.04709369898129325,29,8,21,0,0,0,0,0,0,0,0,1
1a28,B,829,THR,-0.7,116.1,0.0,1,1,X,0.0,0.0,0.0,0.0,0.0,0.0,0.0,0.0,33,0.04989134446533048,25,1,24,0,0,0,0,0,0,0,0,1
1a28,B,830,ILE,4.5,166.7,0.0,0,0,X,0.0,0.0,0.0,0.0,0.0,0.0,0.0,0.0,33,0.04942507021799094,19,21,-2,0,0,0,0,0,0,0,0,1
1a28,B,831,PRO,-1.6,112.7,0.0,0,0,X,0.0,0.0,0.0,0.0,0.0,0.0,0.0,0.0,25,0.040099585271200194,19,19,0,0,0,0,0,0,0,0,0,1
1a28,B,832,LEU,3.8,166.7,0.0,0,0,X,0.0,0.0,0.0,0.0,0.0,0.0,0.0,0.0,17,0.02844272908771177,16,9,7,0,0,0,0,0,0,0,0,1
1a28,B,833,GLU,-3.5,138.4,-1.0,1,3,X,0.0,0.0,0.0,0.0,0.0,0.0,0.0,0.0,14,0.019117244140921023,19,1,18,0,0,0,0,0,0,0,0,1
1a28,B,834,GLY,-0.4,60.1,0.0,0,0,X,0.0,0.0,0.0,0.0,0.0,0.0,0.0,0.0,21,0.02984155182973038,17,22,-5,0,0,0,0,0,0,0,0,1
1a28,B,835,LEU,3.8,166.7,0.0,0,0,X,0.0,0.0,0.0,0.0,0.0,0.0,0.0,0.0,26,0.03963331102386066,24,30,-6,0,0,0,0,0,0,0,0,1
1a28,B,836,ARG,-4.5,173.4,1.0,5,0,X,0.0,0.0,0.0,0.0,0.0,0.0,0.0,0.0,16,0.030307826077069916,10,20,-10,0,0,0,0,0,0,0,0,1
1a28,B,837,SER,-0.8,89.0,0.0,1,1,X,0.0,0.0,0.0,0.0,0.0,0.0,0.0,0.0,24,0.03776821403450251,23,27,-4,0,0,0,0,0,0,0,0,1
1a28,B,838,GLN,-3.5,143.8,0.0,2,2,X,0.0,0.0,0.0,0.0,0.0,0.0,0.0,0.0,22,0.03730193978716297,16,26,-10,0,0,0,0,0,0,0,0,1
1a28,B,839,THR,-0.7,116.1,0.0,1,1,X,0.0,0.0,0.0,0.0,0.0,0.0,0.0,0.0,14,0.02844272908771177,7,19,-12,0,0,0,0,0,0,0,0,1
1a28,B,840,GLN,-3.5,143.8,0.0,2,2,X,0.0,0.0,0.0,0.0,0.0,0.0,0.0,0.0,18,0.035436842797804825,17,22,-5,0,0,0,0,0,0,0,0,1
1a28,B,841,PHE,2.8,189.9,0.0,0,0,X,0.0,0.0,0.0,0.0,0.0,0.0,0.0,0.0,33,0.04662742473395372,17,25,-8,0,0,0,0,0,0,0,0,1
1a28,B,842,GLU,-3.5,138.4,-1.0,1,3,X,0.0,0.0,0.0,0.0,0.0,0.0,0.0,0.0,19,0.03683566553982344,13,9,4,0,0,0,0,0,0,0,0,1
1a28,B,843,GLU,-3.5,138.4,-1.0,1,3,X,0.0,0.0,0.0,0.0,0.0,0.0,0.0,0.0,16,0.032172923066428064,12,9,3,0,0,0,0,0,0,0,0,1
1a28,B,844,MET,1.9,162.9,0.0,0,0,X,0.0,0.0,0.0,0.0,0.0,0.0,0.0,0.0,31,0.04289723075523742,18,19,-1,0,0,0,0,0,0,0,0,1
1a28,B,845,ARG,-4.5,173.4,1.0,5,0,X,0.0,0.0,0.0,0.0,0.0,0.0,0.0,0.0,33,0.04662742473395372,7,16,-9,0,0,0,0,0,0,0,0,1
1a28,B,846,SER,-0.8,89.0,0.0,1,1,X,0.0,0.0,0.0,0.0,0.0,0.0,0.0,0.0,21,0.03450429430312575,22,23,-1,0,0,0,0,0,0,0,0,1
1a28,B,847,SER,-0.8,89.0,0.0,1,1,X,0.0,0.0,0.0,0.0,0.0,0.0,0.0,0.0,22,0.034970568550465285,26,22,4,0,0,0,0,0,0,0,0,1
1a28,B,848,TYR,-1.3,193.6,0.0,1,1,X,0.0,0.0,0.0,0.0,0.0,0.0,0.0,0.0,34,0.04709369898129325,28,18,10,0,0,0,0,0,0,0,0,1
1a28,B,849,ILE,4.5,166.7,0.0,0,0,X,0.0,0.0,0.0,0.0,0.0,0.0,0.0,0.0,27,0.04429605349725603,28,14,14,0,0,0,0,0,0,0,0,1
1a28,B,850,ARG,-4.5,173.4,1.0,5,0,X,0.0,0.0,0.0,0.0,0.0,0.0,0.0,0.0,17,0.0363693912924839,14,16,-2,0,0,0,0,0,0,0,0,1
1a28,B,851,GLU,-3.5,138.4,-1.0,1,3,X,0.0,0.0,0.0,0.0,0.0,0.0,0.0,0.0,30,0.04616115048661418,22,11,11,0,0,0,0,0,0,0,0,1
1a28,B,852,LEU,3.8,166.7,0.0,0,0,X,0.0,0.0,0.0,0.0,0.0,0.0,0.0,0.0,38,0.04989134446533048,27,24,3,0,0,0,0,0,0,0,0,1
1a28,B,853,ILE,4.5,166.7,0.0,0,0,X,0.0,0.0,0.0,0.0,0.0,0.0,0.0,0.0,26,0.0363693912924839,26,16,10,0,0,0,0,0,0,0,0,1
1a28,B,854,LYS,-3.9,168.6,1.0,2,0,X,0.0,0.0,0.0,0.0,0.0,0.0,0.0,0.0,23,0.03403802005578621,10,17,-7,0,0,0,0,0,0,0,0,1
1a28,B,855,ALA,1.8,88.6,0.0,0,0,X,0.0,0.0,0.0,0.0,0.0,0.0,0.0,0.0,33,0.048958795970651406,33,27,6,0,0,0,0,0,0,0,0,1
1a28,B,856,ILE,4.5,166.7,0.0,0,0,X,0.0,0.0,0.0,0.0,0.0,0.0,0.0,0.0,37,0.04942507021799094,40,22,18,0,0,0,0,0,0,0,0,1
1a28,B,857,GLY,-0.4,60.1,0.0,0,0,X,0.0,0.0,0.0,0.0,0.0,0.0,0.0,0.0,26,0.034970568550465285,35,16,19,0,0,0,0,0,0,0,0,1
1a28,B,858,LEU,3.8,166.7,0.0,0,0,X,0.0,0.0,0.0,0.0,0.0,0.0,0.0,0.0,20,0.03450429430312575,28,19,9,0,0,0,0,0,0,0,0,1
1a28,B,859,ARG,-4.5,173.4,1.0,5,0,X,0.0,0.0,0.0,0.0,0.0,0.0,0.0,0.0,24,0.028909003335051305,18,16,2,0,0,0,0,0,0,0,0,1
1a28,B,860,GLN,-3.5,143.8,0.0,2,2,X,0.0,0.0,0.0,0.0,0.0,0.0,0.0,0.0,25,0.03357174580844668,33,5,28,0,0,0,0,0,0,0,0,1
1a28,B,861,LYS,-3.9,168.6,1.0,2,0,X,0.0,0.0,0.0,0.0,0.0,0.0,0.0,0.0,14,0.024246260861655933,10,0,10,0,0,0,0,0,0,0,0,1
1a28,B,862,GLY,-0.4,60.1,0.0,0,0,X,0.0,0.0,0.0,0.0,0.0,0.0,0.0,0.0,14,0.02144861537761871,19,0,19,0,0,0,0,0,0,0,0,1
1a28,B,863,VAL,4.2,140.0,0.0,0,0,X,0.0,0.0,0.0,0.0,0.0,0.0,0.0,0.0,12,0.01958351838826056,7,0,7,0,0,0,0,0,0,0,0,1
1a28,B,864,VAL,4.2,140.0,0.0,0,0,X,0.0,0.0,0.0,0.0,0.0,0.0,0.0,0.0,12,0.021914889624958248,9,0,9,0,0,0,0,0,0,0,0,1
1a28,B,865,SER,-0.8,89.0,0.0,1,1,X,0.0,0.0,0.0,0.0,0.0,0.0,0.0,0.0,16,0.03170664881908853,23,1,22,0,0,0,0,0,0,0,0,1
1a28,B,866,SER,-0.8,89.0,0.0,1,1,X,0.0,0.0,0.0,0.0,0.0,0.0,0.0,0.0,22,0.04149840801321881,27,3,24,0,0,0,0,0,0,0,0,1
1a28,B,867,SER,-0.8,89.0,0.0,1,1,X,0.0,0.0,0.0,0.0,0.0,0.0,0.0,0.0,18,0.03357174580844668,12,0,12,0,0,0,0,0,0,0,0,1
1a28,B,868,GLN,-3.5,143.8,0.0,2,2,X,0.0,0.0,0.0,0.0,0.0,0.0,0.0,0.0,17,0.03310547156110714,12,0,12,0,0,0,0,0,0,0,0,1
1a28,B,869,ARG,-4.5,173.4,1.0,5,0,X,0.0,0.0,0.0,0.0,0.0,0.0,0.0,0.0,32,0.04196468226055834,11,10,1,0,0,0,0,0,0,0,0,1
1a28,B,870,PHE,2.8,189.9,0.0,0,0,X,0.0,0.0,0.0,0.0,0.0,0.0,0.0,0.0,30,0.04476232774459557,28,8,20,0,0,0,0,0,0,0,0,1
1a28,B,871,TYR,-1.3,193.6,0.0,1,1,X,0.0,0.0,0.0,0.0,0.0,0.0,0.0,0.0,19,0.03916703677652112,25,6,19,0,0,0,0,0,0,0,0,1
1a28,B,872,GLN,-3.5,143.8,0.0,2,2,X,0.0,0.0,0.0,0.0,0.0,0.0,0.0,0.0,26,0.040099585271200194,29,11,18,0,0,0,0,0,0,0,0,1
1a28,B,873,LEU,3.8,166.7,0.0,0,0,X,0.0,0.0,0.0,0.0,0.0,0.0,0.0,0.0,36,0.04709369898129325,23,23,0,0,0,0,0,0,0,0,0,1
1a28,B,874,THR,-0.7,116.1,0.0,1,1,X,0.0,0.0,0.0,0.0,0.0,0.0,0.0,0.0,31,0.04989134446533048,29,9,20,0,0,0,0,0,0,0,0,1
1a28,B,875,LYS,-3.9,168.6,1.0,2,0,X,0.0,0.0,0.0,0.0,0.0,0.0,0.0,0.0,22,0.04476232774459557,17,14,3,0,0,0,0,0,0,0,0,1
1a28,B,876,LEU,3.8,166.7,0.0,0,0,X,0.0,0.0,0.0,0.0,0.0,0.0,0.0,0.0,28,0.040099585271200194,17,20,-3,0,0,0,0,0,0,0,0,1
1a28,B,877,LEU,3.8,166.7,0.0,0,0,X,0.0,0.0,0.0,0.0,0.0,0.0,0.0,0.0,38,0.048492521723311866,33,12,21,0,0,0,0,0,0,0,0,1
1a28,B,878,ASP,-3.5,111.1,-1.0,1,3,X,0.0,0.0,0.0,0.0,0.0,0.0,0.0,0.0,23,0.04942507021799094,31,7,24,0,0,0,0,0,0,0,0,1
1a28,B,879,ASN,-3.5,114.1,0.0,2,2,X,0.0,0.0,0.0,0.0,0.0,0.0,0.0,0.0,25,0.03450429430312575,26,21,5,0,0,0,0,0,0,0,0,1
1a28,B,880,LEU,3.8,166.7,0.0,0,0,X,0.0,0.0,0.0,0.0,0.0,0.0,0.0,0.0,35,0.03963331102386066,21,18,3,0,0,0,0,0,0,0,0,1
1a28,B,881,HIS,-3.2,153.2,0.1,2,1,X,0.0,0.0,0.0,0.0,0.0,0.0,0.0,0.0,29,0.035436842797804825,20,16,4,0,0,0,0,0,0,0,0,1
1a28,B,882,ASP,-3.5,111.1,-1.0,1,3,X,0.0,0.0,0.0,0.0,0.0,0.0,0.0,0.0,18,0.030774100324409453,22,6,16,0,0,0,0,0,0,0,0,1
1a28,B,883,LEU,3.8,166.7,0.0,0,0,X,0.0,0.0,0.0,0.0,0.0,0.0,0.0,0.0,26,0.03870076252918159,25,10,15,0,0,0,0,0,0,0,0,1
1a28,B,884,VAL,4.2,140.0,0.0,0,0,X,0.0,0.0,0.0,0.0,0.0,0.0,0.0,0.0,33,0.04289723075523742,29,10,19,0,0,0,0,0,0,0,0,1
1a28,B,885,LYS,-3.9,168.6,1.0,2,0,X,0.0,0.0,0.0,0.0,0.0,0.0,0.0,0.0,22,0.04149840801321881,21,8,13,0,0,0,0,0,0,0,0,1
1a28,B,886,GLN,-3.5,143.8,0.0,2,2,X,0.0,0.0,0.0,0.0,0.0,0.0,0.0,0.0,25,0.03916703677652112,23,8,15,0,0,0,0,0,0,0,0,1
1a28,B,887,LEU,3.8,166.7,0.0,0,0,X,0.0,0.0,0.0,0.0,0.0,0.0,0.0,0.0,33,0.045228601991935104,20,4,16,0,0,0,0,0,0,0,0,1
1a28,B,888,HIS,-3.2,153.2,0.1,2,1,X,0.0,0.0,0.0,0.0,0.0,0.0,0.0,0.0,31,0.04429605349725603,16,4,12,0,0,0,0,0,0,0,0,1
1a28,B,889,LEU,3.8,166.7,0.0,0,0,X,0.0,0.0,0.0,0.0,0.0,0.0,0.0,0.0,27,0.04289723075523742,28,1,27,0,0,0,0,0,0,0,0,1
1a28,B,890,TYR,-1.3,193.6,0.0,1,1,X,0.0,0.0,0.0,0.0,0.0,0.0,0.0,0.0,31,0.034970568550465285,7,0,7,0,0,0,0,0,0,0,0,1
1a28,B,891,CYS,2.5,108.5,0.0,1,0,X,0.0,0.0,0.0,0.0,0.0,0.0,0.0,0.0,30,0.04616115048661418,13,0,13,0,0,0,0,0,0,0,0,1
1a28,B,892,LEU,3.8,166.7,0.0,0,0,X,0.0,0.0,0.0,0.0,0.0,0.0,0.0,0.0,29,0.04942507021799094,15,0,15,0,0,0,0,0,0,0,0,1
1a28,B,893,ASN,-3.5,114.1,0.0,2,2,X,0.0,0.0,0.0,0.0,0.0,0.0,0.0,0.0,25,0.04196468226055834,14,0,14,0,0,0,0,0,0,0,0,1
1a28,B,894,THR,-0.7,116.1,0.0,1,1,X,0.0,0.0,0.0,0.0,0.0,0.0,0.0,0.0,30,0.04616115048661418,6,4,2,0,0,0,0,0,0,0,0,1
1a28,B,895,PHE,2.8,189.9,0.0,0,0,X,0.0,0.0,0.0,0.0,0.0,0.0,0.0,0.0,28,0.043363505002576956,5,11,-6,0,0,0,0,0,0,0,0,1
1a28,B,896,ILE,4.5,166.7,0.0,0,0,X,0.0,0.0,0.0,0.0,0.0,0.0,0.0,0.0,23,0.03870076252918159,7,5,2,0,0,0,0,0,0,0,0,1
1a28,B,897,GLN,-3.5,143.8,0.0,2,2,X,0.0,0.0,0.0,0.0,0.0,0.0,0.0,0.0,22,0.0363693912924839,7,4,3,0,0,0,0,0,0,0,0,1
1a28,B,898,SER,-0.8,89.0,0.0,1,1,X,0.0,0.0,0.0,0.0,0.0,0.0,0.0,0.0,21,0.04289723075523742,11,9,2,0,0,0,0,0,0,0,0,1
1a28,B,899,ARG,-4.5,173.4,1.0,5,0,X,0.0,0.0,0.0,0.0,0.0,0.0,0.0,0.0,11,0.025645083603674543,0,8,-8,0,0,0,0,0,0,0,0,1
1a28,B,900,ALA,1.8,88.6,0.0,0,0,X,0.0,0.0,0.0,0.0,0.0,0.0,0.0,0.0,12,0.02098234113027917,10,1,9,0,0,0,0,0,0,0,0,1
1a28,B,901,LEU,3.8,166.7,0.0,0,0,X,0.0,0.0,0.0,0.0,0.0,0.0,0.0,0.0,22,0.028909003335051305,7,5,2,0,0,0,0,0,0,0,0,1
1a28,B,902,SER,-0.8,89.0,0.0,1,1,X,0.0,0.0,0.0,0.0,0.0,0.0,0.0,0.0,18,0.02611135785101408,8,9,-1,0,0,0,0,0,0,0,0,1
1a28,B,903,VAL,4.2,140.0,0.0,0,0,X,0.0,0.0,0.0,0.0,0.0,0.0,0.0,0.0,28,0.04616115048661418,7,9,-2,0,0,0,0,0,0,0,0,1
1a28,B,904,GLU,-3.5,138.4,-1.0,1,3,X,0.0,0.0,0.0,0.0,0.0,0.0,0.0,0.0,22,0.03403802005578621,10,9,1,0,0,0,0,0,0,0,0,1
1a28,B,905,PHE,2.8,189.9,0.0,0,0,X,0.0,0.0,0.0,0.0,0.0,0.0,0.0,0.0,35,0.04149840801321881,3,23,-20,0,0,0,0,0,0,0,0,1
1a28,B,906,PRO,-1.6,112.7,0.0,0,0,X,0.0,0.0,0.0,0.0,0.0,0.0,0.0,0.0,24,0.03590311704514436,4,31,-27,0,0,0,0,0,0,0,0,1
1a28,B,907,GLU,-3.5,138.4,-1.0,1,3,X,0.0,0.0,0.0,0.0,0.0,0.0,0.0,0.0,13,0.02611135785101408,0,22,-22,0,0,0,0,0,0,0,0,1
1a28,B,908,MET,1.9,162.9,0.0,0,0,X,0.0,0.0,0.0,0.0,0.0,0.0,0.0,0.0,25,0.03450429430312575,4,27,-23,0,0,0,0,0,0,0,0,1
1a28,B,909,MET,1.9,162.9,0.0,0,0,X,0.0,0.0,0.0,0.0,0.0,0.0,0.0,0.0,32,0.048958795970651406,3,29,-26,0,0,0,0,0,0,0,0,1
1a28,B,910,SER,-0.8,89.0,0.0,1,1,X,0.0,0.0,0.0,0.0,0.0,0.0,0.0,0.0,24,0.040099585271200194,0,31,-31,0,0,0,0,0,0,0,0,1
1a28,B,911,GLU,-3.5,138.4,-1.0,1,3,X,0.0,0.0,0.0,0.0,0.0,0.0,0.0,0.0,22,0.03310547156110714,0,12,-12,0,0,0,0,0,0,0,0,1
1a28,B,912,VAL,4.2,140.0,0.0,0,0,X,0.0,0.0,0.0,0.0,0.0,0.0,0.0,0.0,33,0.04289723075523742,2,17,-15,0,0,0,0,0,0,0,0,1
1a28,B,913,ILE,4.5,166.7,0.0,0,0,X,0.0,0.0,0.0,0.0,0.0,0.0,0.0,0.0,33,0.048492521723311866,10,12,-2,0,0,0,0,0,0,0,0,1
1a28,B,914,ALA,1.8,88.6,0.0,0,0,X,0.0,0.0,0.0,0.0,0.0,0.0,0.0,0.0,24,0.04103213376587927,5,11,-6,0,0,0,0,0,0,0,0,1
1a28,B,915,ALA,1.8,88.6,0.0,0,0,X,0.0,0.0,0.0,0.0,0.0,0.0,0.0,0.0,25,0.03403802005578621,9,9,0,0,0,0,0,0,0,0,0,1
1a28,B,916,GLN,-3.5,143.8,0.0,2,2,X,0.0,0.0,0.0,0.0,0.0,0.0,0.0,0.0,31,0.043829779249916496,14,4,10,0,0,0,0,0,0,0,0,1
1a28,B,917,LEU,3.8,166.7,0.0,0,0,X,0.0,0.0,0.0,0.0,0.0,0.0,0.0,0.0,31,0.04709369898129325,24,2,22,0,0,0,0,0,0,0,0,1
1a28,B,918,PRO,-1.6,112.7,0.0,0,0,X,0.0,0.0,0.0,0.0,0.0,0.0,0.0,0.0,27,0.048958795970651406,24,1,23,0,0,0,0,0,0,0,0,1
1a28,B,919,LYS,-3.9,168.6,1.0,2,0,X,0.0,0.0,0.0,0.0,0.0,0.0,0.0,0.0,28,0.04289723075523742,4,3,1,0,0,0,0,0,0,0,0,1
1a28,B,920,ILE,4.5,166.7,0.0,0,0,X,0.0,0.0,0.0,0.0,0.0,0.0,0.0,0.0,32,0.04289723075523742,34,0,34,0,0,0,0,0,0,0,0,1
1a28,B,921,LEU,3.8,166.7,0.0,0,0,X,0.0,0.0,0.0,0.0,0.0,0.0,0.0,0.0,22,0.04662742473395372,36,1,35,0,0,0,0,0,0,0,0,1
1a28,B,922,ALA,1.8,88.6,0.0,0,0,X,0.0,0.0,0.0,0.0,0.0,0.0,0.0,0.0,20,0.03870076252918159,35,1,34,0,0,0,0,0,0,0,0,1
1a28,B,923,GLY,-0.4,60.1,0.0,0,0,X,0.0,0.0,0.0,0.0,0.0,0.0,0.0,0.0,20,0.032639197313767604,27,1,26,0,0,0,0,0,0,0,0,1
1a28,B,924,MET,1.9,162.9,0.0,0,0,X,0.0,0.0,0.0,0.0,0.0,0.0,0.0,0.0,23,0.032172923066428064,22,9,13,0,0,0,0,0,0,0,0,1
1a28,B,925,VAL,4.2,140.0,0.0,0,0,X,0.0,0.0,0.0,0.0,0.0,0.0,0.0,0.0,25,0.04243095650789788,24,8,16,0,0,0,0,0,0,0,0,1
1a28,B,926,LYS,-3.9,168.6,1.0,2,0,X,0.0,0.0,0.0,0.0,0.0,0.0,0.0,0.0,22,0.035436842797804825,4,10,-6,0,0,0,0,0,0,0,0,1
1a28,B,927,PRO,-1.6,112.7,0.0,0,0,X,0.0,0.0,0.0,0.0,0.0,0.0,0.0,0.0,23,0.03310547156110714,23,8,15,0,0,0,0,0,0,0,0,1
1a28,B,928,LEU,3.8,166.7,0.0,0,0,X,0.0,0.0,0.0,0.0,0.0,0.0,0.0,0.0,26,0.03776821403450251,28,11,17,0,0,0,0,0,0,0,0,1
1a28,B,929,LEU,3.8,166.7,0.0,0,0,X,0.0,0.0,0.0,0.0,0.0,0.0,0.0,0.0,18,0.03450429430312575,39,10,29,0,0,0,0,0,0,0,0,1
1a28,B,930,PHE,2.8,189.9,0.0,0,0,X,0.0,0.0,0.0,0.0,0.0,0.0,0.0,0.0,23,0.030774100324409453,32,8,24,0,0,0,0,0,0,0,0,1
1a28,B,931,HIS,-3.2,153.2,0.1,2,1,X,0.0,0.0,0.0,0.0,0.0,0.0,0.0,0.0,14,0.024246260861655933,10,8,2,0,0,0,0,0,0,0,0,1
