pdb_id,chain_id,residue_id,residue_name,hydrophobicity,volume,charge,hbond_donor,hbond_acceptor,ss_type,rel_asa,phi,psi,hse_up,hse_down,hse_ratio,residue_depth,ca_depth,neighbor_count,atom_density,pos_charged_neighbors,neg_charged_neighbors,net_charge_environment,ss_H,ss_B,ss_E,ss_G,ss_I,ss_T,ss_S,ss_ ,ss_X,is_binding_site
1dbp,A,1,LYS,-3.9,168.6,1.0,2,0,X,0.0,0.0,0.0,0.0,0.0,0.0,0.0,0.0,13,0.02098234113027917,2,13,-11,0,0,0,0,0,0,0,0,1,0
1dbp,A,2,ASP,-3.5,111.1,-1.0,1,3,X,0.0,0.0,0.0,0.0,0.0,0.0,0.0,0.0,18,0.03310547156110714,20,6,14,0,0,0,0,0,0,0,0,1,0
1dbp,A,3,THR,-0.7,116.1,0.0,1,1,X,0.0,0.0,0.0,0.0,0.0,0.0,0.0,0.0,24,0.04476232774459557,27,8,19,0,0,0,0,0,0,0,0,1,0
1dbp,A,4,ILE,4.5,166.7,0.0,0,0,X,0.0,0.0,0.0,0.0,0.0,0.0,0.0,0.0,38,0.048958795970651406,16,18,-2,0,0,0,0,0,0,0,0,1,0
1dbp,A,5,ALA,1.8,88.6,0.0,0,0,X,0.0,0.0,0.0,0.0,0.0,0.0,0.0,0.0,38,0.048026247475972325,15,4,11,0,0,0,0,0,0,0,0,1,0
1dbp,A,6,LEU,3.8,166.7,0.0,0,0,X,0.0,0.0,0.0,0.0,0.0,0.0,0.0,0.0,41,0.048026247475972325,10,8,2,0,0,0,0,0,0,0,0,1,0
1dbp,A,7,VAL,4.2,140.0,0.0,0,0,X,0.0,0.0,0.0,0.0,0.0,0.0,0.0,0.0,42,0.05129016720734909,8,17,-9,0,0,0,0,0,0,0,0,1,0
1dbp,A,8,VAL,4.2,140.0,0.0,0,0,X,0.0,0.0,0.0,0.0,0.0,0.0,0.0,0.0,35,0.053155264196707235,16,20,-4,0,0,0,0,0,0,0,0,1,0
1dbp,A,9,SER,-0.8,89.0,0.0,1,1,X,0.0,0.0,0.0,0.0,0.0,0.0,0.0,0.0,36,0.05502036118606539,14,26,-12,0,0,0,0,0,0,0,0,1,0
1dbp,A,10,THR,-0.7,116.1,0.0,1,1,X,0.0,0.0,0.0,0.0,0.0,0.0,0.0,0.0,32,0.04709369898129325,8,15,-7,0,0,0,0,0,0,0,0,1,0
1dbp,A,11,LEU,3.8,166.7,0.0,0,0,X,0.0,0.0,0.0,0.0,0.0,0.0,0.0,0.0,23,0.040565859518539735,8,10,-2,0,0,0,0,0,0,0,0,1,0
1dbp,A,12,ASN,-3.5,114.1,0.0,2,2,X,0.0,0.0,0.0,0.0,0.0,0.0,0.0,0.0,18,0.030774100324409453,9,19,-10,0,0,0,0,0,0,0,0,1,0
1dbp,A,13,ASN,-3.5,114.1,0.0,2,2,X,0.0,0.0,0.0,0.0,0.0,0.0,0.0,0.0,34,0.04103213376587927,13,36,-23,0,0,0,0,0,0,0,0,1,1
1dbp,A,14,PRO,-1.6,112.7,0.0,0,0,X,0.0,0.0,0.0,0.0,0.0,0.0,0.0,0.0,25,0.03683566553982344,9,33,-24,0,0,0,0,0,0,0,0,1,0
1dbp,A,15,PHE,2.8,189.9,0.0,0,0,X,0.0,0.0,0.0,0.0,0.0,0.0,0.0,0.0,39,0.045228601991935104,12,36,-24,0,0,0,0,0,0,0,0,1,1
1dbp,A,16,PHE,2.8,189.9,0.0,0,0,X,0.0,0.0,0.0,0.0,0.0,0.0,0.0,0.0,38,0.050823892960009553,16,21,-5,0,0,0,0,0,0,0,0,1,1
1dbp,A,17,VAL,4.2,140.0,0.0,0,0,X,0.0,0.0,0.0,0.0,0.0,0.0,0.0,0.0,21,0.03963331102386066,9,11,-2,0,0,0,0,0,0,0,0,1,0
1dbp,A,18,SER,-0.8,89.0,0.0,1,1,X,0.0,0.0,0.0,0.0,0.0,0.0,0.0,0.0,28,0.040565859518539735,11,19,-8,0,0,0,0,0,0,0,0,1,0
1dbp,A,19,LEU,3.8,166.7,0.0,0,0,X,0.0,0.0,0.0,0.0,0.0,0.0,0.0,0.0,37,0.05175644145468863,14,23,-9,0,0,0,0,0,0,0,0,1,0
1dbp,A,20,LYS,-3.9,168.6,1.0,2,0,X,0.0,0.0,0.0,0.0,0.0,0.0,0.0,0.0,30,0.045228601991935104,4,14,-10,0,0,0,0,0,0,0,0,1,0
1dbp,A,21,ASP,-3.5,111.1,-1.0,1,3,X,0.0,0.0,0.0,0.0,0.0,0.0,0.0,0.0,23,0.03590311704514436,18,15,3,0,0,0,0,0,0,0,0,1,0
1dbp,A,22,GLY,-0.4,60.1,0.0,0,0,X,0.0,0.0,0.0,0.0,0.0,0.0,0.0,0.0,30,0.045228601991935104,26,33,-7,0,0,0,0,0,0,0,0,1,0
1dbp,A,23,ALA,1.8,88.6,0.0,0,0,X,0.0,0.0,0.0,0.0,0.0,0.0,0.0,0.0,36,0.05175644145468863,26,35,-9,0,0,0,0,0,0,0,0,1,0
1dbp,A,24,GLN,-3.5,143.8,0.0,2,2,X,0.0,0.0,0.0,0.0,0.0,0.0,0.0,0.0,25,0.03916703677652112,21,24,-3,0,0,0,0,0,0,0,0,1,0
1dbp,A,25,LYS,-3.9,168.6,1.0,2,0,X,0.0,0.0,0.0,0.0,0.0,0.0,0.0,0.0,20,0.03450429430312575,13,31,-18,0,0,0,0,0,0,0,0,1,0
1dbp,A,26,GLU,-3.5,138.4,-1.0,1,3,X,0.0,0.0,0.0,0.0,0.0,0.0,0.0,0.0,28,0.04196468226055834,27,29,-2,0,0,0,0,0,0,0,0,1,0
1dbp,A,27,ALA,1.8,88.6,0.0,0,0,X,0.0,0.0,0.0,0.0,0.0,0.0,0.0,0.0,27,0.048026247475972325,24,32,-8,0,0,0,0,0,0,0,0,1,0
1dbp,A,28,ASP,-3.5,111.1,-1.0,1,3,X,0.0,0.0,0.0,0.0,0.0,0.0,0.0,0.0,16,0.03403802005578621,23,12,11,0,0,0,0,0,0,0,0,1,0
1dbp,A,29,LYS,-3.9,168.6,1.0,2,0,X,0.0,0.0,0.0,0.0,0.0,0.0,0.0,0.0,14,0.026577632098353617,9,27,-18,0,0,0,0,0,0,0,0,1,0
1dbp,A,30,LEU,3.8,166.7,0.0,0,0,X,0.0,0.0,0.0,0.0,0.0,0.0,0.0,0.0,23,0.02984155182973038,23,34,-11,0,0,0,0,0,0,0,0,1,0
1dbp,A,31,GLY,-0.4,60.1,0.0,0,0,X,0.0,0.0,0.0,0.0,0.0,0.0,0.0,0.0,19,0.027510180593032695,20,28,-8,0,0,0,0,0,0,0,0,1,0
1dbp,A,32,TYR,-1.3,193.6,0.0,1,1,X,0.0,0.0,0.0,0.0,0.0,0.0,0.0,0.0,29,0.043829779249916496,28,35,-7,0,0,0,0,0,0,0,0,1,0
1dbp,A,33,ASN,-3.5,114.1,0.0,2,2,X,0.0,0.0,0.0,0.0,0.0,0.0,0.0,0.0,20,0.03730193978716297,13,16,-3,0,0,0,0,0,0,0,0,1,0
1dbp,A,34,LEU,3.8,166.7,0.0,0,0,X,0.0,0.0,0.0,0.0,0.0,0.0,0.0,0.0,31,0.04103213376587927,19,19,0,0,0,0,0,0,0,0,0,1,0
1dbp,A,35,VAL,4.2,140.0,0.0,0,0,X,0.0,0.0,0.0,0.0,0.0,0.0,0.0,0.0,26,0.03450429430312575,13,3,10,0,0,0,0,0,0,0,0,1,0
1dbp,A,36,VAL,4.2,140.0,0.0,0,0,X,0.0,0.0,0.0,0.0,0.0,0.0,0.0,0.0,26,0.03450429430312575,13,10,3,0,0,0,0,0,0,0,0,1,0
1dbp,A,37,LEU,3.8,166.7,0.0,0,0,X,0.0,0.0,0.0,0.0,0.0,0.0,0.0,0.0,30,0.03590311704514436,15,22,-7,0,0,0,0,0,0,0,0,1,0
1dbp,A,38,ASP,-3.5,111.1,-1.0,1,3,X,0.0,0.0,0.0,0.0,0.0,0.0,0.0,0.0,22,0.04149840801321881,12,8,4,0,0,0,0,0,0,0,0,1,0
1dbp,A,39,SER,-0.8,89.0,0.0,1,1,X,0.0,0.0,0.0,0.0,0.0,0.0,0.0,0.0,28,0.053155264196707235,10,18,-8,0,0,0,0,0,0,0,0,1,0
1dbp,A,40,GLN,-3.5,143.8,0.0,2,2,X,0.0,0.0,0.0,0.0,0.0,0.0,0.0,0.0,17,0.040099585271200194,9,11,-2,0,0,0,0,0,0,0,0,1,0
1dbp,A,41,ASN,-3.5,114.1,0.0,2,2,X,0.0,0.0,0.0,0.0,0.0,0.0,0.0,0.0,28,0.04103213376587927,16,33,-17,0,0,0,0,0,0,0,0,1,0
1dbp,A,42,ASN,-3.5,114.1,0.0,2,2,X,0.0,0.0,0.0,0.0,0.0,0.0,0.0,0.0,17,0.03590311704514436,9,17,-8,0,0,0,0,0,0,0,0,1,0
1dbp,A,43,PRO,-1.6,112.7,0.0,0,0,X,0.0,0.0,0.0,0.0,0.0,0.0,0.0,0.0,29,0.03963331102386066,10,24,-14,0,0,0,0,0,0,0,0,1,0
1dbp,A,44,ALA,1.8,88.6,0.0,0,0,X,0.0,0.0,0.0,0.0,0.0,0.0,0.0,0.0,19,0.027043906345693154,9,12,-3,0,0,0,0,0,0,0,0,1,0
1dbp,A,45,LYS,-3.9,168.6,1.0,2,0,X,0.0,0.0,0.0,0.0,0.0,0.0,0.0,0.0,20,0.040099585271200194,0,19,-19,0,0,0,0,0,0,0,0,1,0
1dbp,A,46,GLU,-3.5,138.4,-1.0,1,3,X,0.0,0.0,0.0,0.0,0.0,0.0,0.0,0.0,37,0.05129016720734909,10,17,-7,0,0,0,0,0,0,0,0,1,0
1dbp,A,47,LEU,3.8,166.7,0.0,0,0,X,0.0,0.0,0.0,0.0,0.0,0.0,0.0,0.0,26,0.043363505002576956,10,19,-9,0,0,0,0,0,0,0,0,1,0
1dbp,A,48,ALA,1.8,88.6,0.0,0,0,X,0.0,0.0,0.0,0.0,0.0,0.0,0.0,0.0,21,0.03450429430312575,13,20,-7,0,0,0,0,0,0,0,0,1,0
1dbp,A,49,ASN,-3.5,114.1,0.0,2,2,X,0.0,0.0,0.0,0.0,0.0,0.0,0.0,0.0,30,0.043829779249916496,15,25,-10,0,0,0,0,0,0,0,0,1,0
1dbp,A,50,VAL,4.2,140.0,0.0,0,0,X,0.0,0.0,0.0,0.0,0.0,0.0,0.0,0.0,34,0.04709369898129325,16,17,-1,0,0,0,0,0,0,0,0,1,0
1dbp,A,51,GLN,-3.5,143.8,0.0,2,2,X,0.0,0.0,0.0,0.0,0.0,0.0,0.0,0.0,22,0.03683566553982344,6,14,-8,0,0,0,0,0,0,0,0,1,0
1dbp,A,52,ASP,-3.5,111.1,-1.0,1,3,X,0.0,0.0,0.0,0.0,0.0,0.0,0.0,0.0,19,0.03357174580844668,13,2,11,0,0,0,0,0,0,0,0,1,0
1dbp,A,53,LEU,3.8,166.7,0.0,0,0,X,0.0,0.0,0.0,0.0,0.0,0.0,0.0,0.0,30,0.040565859518539735,16,10,6,0,0,0,0,0,0,0,0,1,0
1dbp,A,54,THR,-0.7,116.1,0.0,1,1,X,0.0,0.0,0.0,0.0,0.0,0.0,0.0,0.0,27,0.03776821403450251,17,8,9,0,0,0,0,0,0,0,0,1,0
1dbp,A,55,VAL,4.2,140.0,0.0,0,0,X,0.0,0.0,0.0,0.0,0.0,0.0,0.0,0.0,13,0.023779986614316396,12,8,4,0,0,0,0,0,0,0,0,1,0
1dbp,A,56,ARG,-4.5,173.4,1.0,5,0,X,0.0,0.0,0.0,0.0,0.0,0.0,0.0,0.0,22,0.02471253510899547,2,8,-6,0,0,0,0,0,0,0,0,1,0
1dbp,A,57,GLY,-0.4,60.1,0.0,0,0,X,0.0,0.0,0.0,0.0,0.0,0.0,0.0,0.0,20,0.02471253510899547,21,10,11,0,0,0,0,0,0,0,0,1,0
1dbp,A,58,THR,-0.7,116.1,0.0,1,1,X,0.0,0.0,0.0,0.0,0.0,0.0,0.0,0.0,31,0.040565859518539735,21,12,9,0,0,0,0,0,0,0,0,1,0
1dbp,A,59,LYS,-3.9,168.6,1.0,2,0,X,0.0,0.0,0.0,0.0,0.0,0.0,0.0,0.0,23,0.03916703677652112,9,8,1,0,0,0,0,0,0,0,0,1,0
1dbp,A,60,ILE,4.5,166.7,0.0,0,0,X,0.0,0.0,0.0,0.0,0.0,0.0,0.0,0.0,35,0.045694876239274644,12,13,-1,0,0,0,0,0,0,0,0,1,0
1dbp,A,61,LEU,3.8,166.7,0.0,0,0,X,0.0,0.0,0.0,0.0,0.0,0.0,0.0,0.0,42,0.04989134446533048,5,3,2,0,0,0,0,0,0,0,0,1,0
1dbp,A,62,LEU,3.8,166.7,0.0,0,0,X,0.0,0.0,0.0,0.0,0.0,0.0,0.0,0.0,44,0.04662742473395372,9,4,5,0,0,0,0,0,0,0,0,1,0
1dbp,A,63,ILE,4.5,166.7,0.0,0,0,X,0.0,0.0,0.0,0.0,0.0,0.0,0.0,0.0,41,0.04709369898129325,14,19,-5,0,0,0,0,0,0,0,0,1,0
1dbp,A,64,ASN,-3.5,114.1,0.0,2,2,X,0.0,0.0,0.0,0.0,0.0,0.0,0.0,0.0,41,0.053155264196707235,15,22,-7,0,0,0,0,0,0,0,0,1,0
1dbp,A,65,PRO,-1.6,112.7,0.0,0,0,X,0.0,0.0,0.0,0.0,0.0,0.0,0.0,0.0,46,0.05175644145468863,15,34,-19,0,0,0,0,0,0,0,0,1,0
1dbp,A,66,THR,-0.7,116.1,0.0,1,1,X,0.0,0.0,0.0,0.0,0.0,0.0,0.0,0.0,37,0.053155264196707235,17,27,-10,0,0,0,0,0,0,0,0,1,0
1dbp,A,67,ASP,-3.5,111.1,-1.0,1,3,X,0.0,0.0,0.0,0.0,0.0,0.0,0.0,0.0,27,0.043829779249916496,10,21,-11,0,0,0,0,0,0,0,0,1,0
1dbp,A,68,SER,-0.8,89.0,0.0,1,1,X,0.0,0.0,0.0,0.0,0.0,0.0,0.0,0.0,33,0.04755997322863279,29,31,-2,0,0,0,0,0,0,0,0,1,0
1dbp,A,69,ASP,-3.5,111.1,-1.0,1,3,X,0.0,0.0,0.0,0.0,0.0,0.0,0.0,0.0,21,0.03403802005578621,11,17,-6,0,0,0,0,0,0,0,0,1,0
1dbp,A,70,ALA,1.8,88.6,0.0,0,0,X,0.0,0.0,0.0,0.0,0.0,0.0,0.0,0.0,24,0.03450429430312575,9,33,-24,0,0,0,0,0,0,0,0,1,0
1dbp,A,71,VAL,4.2,140.0,0.0,0,0,X,0.0,0.0,0.0,0.0,0.0,0.0,0.0,0.0,37,0.04989134446533048,20,35,-15,0,0,0,0,0,0,0,0,1,0
1dbp,A,72,ASP,-3.5,111.1,-1.0,1,3,X,0.0,0.0,0.0,0.0,0.0,0.0,0.0,0.0,25,0.04196468226055834,18,25,-7,0,0,0,0,0,0,0,0,1,0
1dbp,A,73,ASN,-3.5,114.1,0.0,2,2,X,0.0,0.0,0.0,0.0,0.0,0.0,0.0,0.0,23,0.03310547156110714,18,25,-7,0,0,0,0,0,0,0,0,1,0
1dbp,A,74,ALA,1.8,88.6,0.0,0,0,X,0.0,0.0,0.0,0.0,0.0,0.0,0.0,0.0,40,0.045228601991935104,13,24,-11,0,0,0,0,0,0,0,0,1,0
1dbp,A,75,VAL,4.2,140.0,0.0,0,0,X,0.0,0.0,0.0,0.0,0.0,0.0,0.0,0.0,36,0.045694876239274644,16,26,-10,0,0,0,0,0,0,0,0,1,0
1dbp,A,76,LYS,-3.9,168.6,1.0,2,0,X,0.0,0.0,0.0,0.0,0.0,0.0,0.0,0.0,22,0.040099585271200194,9,18,-9,0,0,0,0,0,0,0,0,1,0
1dbp,A,77,MET,1.9,162.9,0.0,0,0,X,0.0,0.0,0.0,0.0,0.0,0.0,0.0,0.0,24,0.04103213376587927,8,9,-1,0,0,0,0,0,0,0,0,1,0
1dbp,A,78,ALA,1.8,88.6,0.0,0,0,X,0.0,0.0,0.0,0.0,0.0,0.0,0.0,0.0,33,0.04709369898129325,9,12,-3,0,0,0,0,0,0,0,0,1,0
1dbp,A,79,ASN,-3.5,114.1,0.0,2,2,X,0.0,0.0,0.0,0.0,0.0,0.0,0.0,0.0,23,0.04196468226055834,11,12,-1,0,0,0,0,0,0,0,0,1,0
1dbp,A,80,GLN,-3.5,143.8,0.0,2,2,X,0.0,0.0,0.0,0.0,0.0,0.0,0.0,0.0,13,0.030774100324409453,7,1,6,0,0,0,0,0,0,0,0,1,0
1dbp,A,81,ALA,1.8,88.6,0.0,0,0,X,0.0,0.0,0.0,0.0,0.0,0.0,0.0,0.0,21,0.028909003335051305,10,0,10,0,0,0,0,0,0,0,0,1,0
1dbp,A,82,ASN,-3.5,114.1,0.0,2,2,X,0.0,0.0,0.0,0.0,0.0,0.0,0.0,0.0,14,0.02611135785101408,6,1,5,0,0,0,0,0,0,0,0,1,0
1dbp,A,83,ILE,4.5,166.7,0.0,0,0,X,0.0,0.0,0.0,0.0,0.0,0.0,0.0,0.0,30,0.04103213376587927,14,2,12,0,0,0,0,0,0,0,0,1,0
1dbp,A,84,PRO,-1.6,112.7,0.0,0,0,X,0.0,0.0,0.0,0.0,0.0,0.0,0.0,0.0,29,0.03963331102386066,7,8,-1,0,0,0,0,0,0,0,0,1,0
1dbp,A,85,VAL,4.2,140.0,0.0,0,0,X,0.0,0.0,0.0,0.0,0.0,0.0,0.0,0.0,36,0.048958795970651406,13,9,4,0,0,0,0,0,0,0,0,1,0
1dbp,A,86,ILE,4.5,166.7,0.0,0,0,X,0.0,0.0,0.0,0.0,0.0,0.0,0.0,0.0,44,0.04942507021799094,21,7,14,0,0,0,0,0,0,0,0,1,0
1dbp,A,87,THR,-0.7,116.1,0.0,1,1,X,0.0,0.0,0.0,0.0,0.0,0.0,0.0,0.0,39,0.0526889899493677,26,11,15,0,0,0,0,0,0,0,0,1,0
1dbp,A,88,LEU,3.8,166.7,0.0,0,0,X,0.0,0.0,0.0,0.0,0.0,0.0,0.0,0.0,42,0.04942507021799094,27,8,19,0,0,0,0,0,0,0,0,1,0
1dbp,A,89,ASP,-3.5,111.1,-1.0,1,3,X,0.0,0.0,0.0,0.0,0.0,0.0,0.0,0.0,41,0.05175644145468863,27,9,18,0,0,0,0,0,0,0,0,1,1
1dbp,A,90,ARG,-4.5,173.4,1.0,5,0,X,0.0,0.0,0.0,0.0,0.0,0.0,0.0,0.0,43,0.05175644145468863,12,24,-12,0,0,0,0,0,0,0,0,1,1
1dbp,A,91,GLN,-3.5,143.8,0.0,2,2,X,0.0,0.0,0.0,0.0,0.0,0.0,0.0,0.0,32,0.04662742473395372,37,27,10,0,0,0,0,0,0,0,0,1,0
1dbp,A,92,ALA,1.8,88.6,0.0,0,0,X,0.0,0.0,0.0,0.0,0.0,0.0,0.0,0.0,36,0.04662742473395372,27,35,-8,0,0,0,0,0,0,0,0,1,0
1dbp,A,93,THR,-0.7,116.1,0.0,1,1,X,0.0,0.0,0.0,0.0,0.0,0.0,0.0,0.0,22,0.030307826077069916,19,24,-5,0,0,0,0,0,0,0,0,1,0
1dbp,A,94,LYS,-3.9,168.6,1.0,2,0,X,0.0,0.0,0.0,0.0,0.0,0.0,0.0,0.0,17,0.027510180593032695,7,25,-18,0,0,0,0,0,0,0,0,1,0
1dbp,A,95,GLY,-0.4,60.1,0.0,0,0,X,0.0,0.0,0.0,0.0,0.0,0.0,0.0,0.0,23,0.03823448828184205,18,20,-2,0,0,0,0,0,0,0,0,1,0
1dbp,A,96,GLU,-3.5,138.4,-1.0,1,3,X,0.0,0.0,0.0,0.0,0.0,0.0,0.0,0.0,20,0.027510180593032695,16,6,10,0,0,0,0,0,0,0,0,1,0
1dbp,A,97,VAL,4.2,140.0,0.0,0,0,X,0.0,0.0,0.0,0.0,0.0,0.0,0.0,0.0,31,0.03590311704514436,21,12,9,0,0,0,0,0,0,0,0,1,0
1dbp,A,98,VAL,4.2,140.0,0.0,0,0,X,0.0,0.0,0.0,0.0,0.0,0.0,0.0,0.0,29,0.03357174580844668,19,10,9,0,0,0,0,0,0,0,0,1,0
1dbp,A,99,SER,-0.8,89.0,0.0,1,1,X,0.0,0.0,0.0,0.0,0.0,0.0,0.0,0.0,34,0.043829779249916496,26,5,21,0,0,0,0,0,0,0,0,1,0
1dbp,A,100,HIS,-3.2,153.2,0.1,2,1,X,0.0,0.0,0.0,0.0,0.0,0.0,0.0,0.0,33,0.048492521723311866,16,12,4,0,0,0,0,0,0,0,0,1,0
1dbp,A,101,ILE,4.5,166.7,0.0,0,0,X,0.0,0.0,0.0,0.0,0.0,0.0,0.0,0.0,41,0.053621538444046775,33,12,21,0,0,0,0,0,0,0,0,1,0
1dbp,A,102,ALA,1.8,88.6,0.0,0,0,X,0.0,0.0,0.0,0.0,0.0,0.0,0.0,0.0,36,0.048026247475972325,32,24,8,0,0,0,0,0,0,0,0,1,0
1dbp,A,103,SER,-0.8,89.0,0.0,1,1,X,0.0,0.0,0.0,0.0,0.0,0.0,0.0,0.0,33,0.04476232774459557,26,32,-6,0,0,0,0,0,0,0,0,1,0
1dbp,A,104,ASP,-3.5,111.1,-1.0,1,3,X,0.0,0.0,0.0,0.0,0.0,0.0,0.0,0.0,28,0.0363693912924839,20,17,3,0,0,0,0,0,0,0,0,1,0
1dbp,A,105,ASN,-3.5,114.1,0.0,2,2,X,0.0,0.0,0.0,0.0,0.0,0.0,0.0,0.0,36,0.04709369898129325,34,34,0,0,0,0,0,0,0,0,0,1,0
1dbp,A,106,VAL,4.2,140.0,0.0,0,0,X,0.0,0.0,0.0,0.0,0.0,0.0,0.0,0.0,27,0.04616115048661418,29,26,3,0,0,0,0,0,0,0,0,1,0
1dbp,A,107,LEU,3.8,166.7,0.0,0,0,X,0.0,0.0,0.0,0.0,0.0,0.0,0.0,0.0,25,0.03823448828184205,20,24,-4,0,0,0,0,0,0,0,0,1,0
1dbp,A,108,GLY,-0.4,60.1,0.0,0,0,X,0.0,0.0,0.0,0.0,0.0,0.0,0.0,0.0,40,0.048492521723311866,24,31,-7,0,0,0,0,0,0,0,0,1,0
1dbp,A,109,GLY,-0.4,60.1,0.0,0,0,X,0.0,0.0,0.0,0.0,0.0,0.0,0.0,0.0,37,0.05781800667010261,23,31,-8,0,0,0,0,0,0,0,0,1,0
1dbp,A,110,LYS,-3.9,168.6,1.0,2,0,X,0.0,0.0,0.0,0.0,0.0,0.0,0.0,0.0,31,0.048492521723311866,10,20,-10,0,0,0,0,0,0,0,0,1,0
1dbp,A,111,ILE,4.5,166.7,0.0,0,0,X,0.0,0.0,0.0,0.0,0.0,0.0,0.0,0.0,32,0.03776821403450251,21,13,8,0,0,0,0,0,0,0,0,1,0
1dbp,A,112,ALA,1.8,88.6,0.0,0,0,X,0.0,0.0,0.0,0.0,0.0,0.0,0.0,0.0,44,0.05175644145468863,26,11,15,0,0,0,0,0,0,0,0,1,0
1dbp,A,113,GLY,-0.4,60.1,0.0,0,0,X,0.0,0.0,0.0,0.0,0.0,0.0,0.0,0.0,44,0.05129016720734909,33,15,18,0,0,0,0,0,0,0,0,1,0
1dbp,A,114,ASP,-3.5,111.1,-1.0,1,3,X,0.0,0.0,0.0,0.0,0.0,0.0,0.0,0.0,28,0.040565859518539735,32,6,26,0,0,0,0,0,0,0,0,1,0
1dbp,A,115,TYR,-1.3,193.6,0.0,1,1,X,0.0,0.0,0.0,0.0,0.0,0.0,0.0,0.0,32,0.040099585271200194,23,8,15,0,0,0,0,0,0,0,0,1,0
1dbp,A,116,ILE,4.5,166.7,0.0,0,0,X,0.0,0.0,0.0,0.0,0.0,0.0,0.0,0.0,37,0.048958795970651406,34,16,18,0,0,0,0,0,0,0,0,1,0
1dbp,A,117,ALA,1.8,88.6,0.0,0,0,X,0.0,0.0,0.0,0.0,0.0,0.0,0.0,0.0,27,0.04476232774459557,35,17,18,0,0,0,0,0,0,0,0,1,0
1dbp,A,118,LYS,-3.9,168.6,1.0,2,0,X,0.0,0.0,0.0,0.0,0.0,0.0,0.0,0.0,18,0.03310547156110714,14,13,1,0,0,0,0,0,0,0,0,1,0
1dbp,A,119,LYS,-3.9,168.6,1.0,2,0,X,0.0,0.0,0.0,0.0,0.0,0.0,0.0,0.0,21,0.02797645484037223,9,6,3,0,0,0,0,0,0,0,0,1,0
1dbp,A,120,ALA,1.8,88.6,0.0,0,0,X,0.0,0.0,0.0,0.0,0.0,0.0,0.0,0.0,26,0.03403802005578621,27,13,14,0,0,0,0,0,0,0,0,1,0
1dbp,A,121,GLY,-0.4,60.1,0.0,0,0,X,0.0,0.0,0.0,0.0,0.0,0.0,0.0,0.0,22,0.032172923066428064,36,13,23,0,0,0,0,0,0,0,0,1,0
1dbp,A,122,GLU,-3.5,138.4,-1.0,1,3,X,0.0,0.0,0.0,0.0,0.0,0.0,0.0,0.0,22,0.03357174580844668,28,5,23,0,0,0,0,0,0,0,0,1,0
1dbp,A,123,GLY,-0.4,60.1,0.0,0,0,X,0.0,0.0,0.0,0.0,0.0,0.0,0.0,0.0,23,0.032639197313767604,29,9,20,0,0,0,0,0,0,0,0,1,0
1dbp,A,124,ALA,1.8,88.6,0.0,0,0,X,0.0,0.0,0.0,0.0,0.0,0.0,0.0,0.0,27,0.04243095650789788,28,13,15,0,0,0,0,0,0,0,0,1,0
1dbp,A,125,LYS,-3.9,168.6,1.0,2,0,X,0.0,0.0,0.0,0.0,0.0,0.0,0.0,0.0,24,0.048026247475972325,10,12,-2,0,0,0,0,0,0,0,0,1,0
1dbp,A,126,VAL,4.2,140.0,0.0,0,0,X,0.0,0.0,0.0,0.0,0.0,0.0,0.0,0.0,36,0.053155264196707235,18,17,1,0,0,0,0,0,0,0,0,1,0
1dbp,A,127,ILE,4.5,166.7,0.0,0,0,X,0.0,0.0,0.0,0.0,0.0,0.0,0.0,0.0,38,0.048026247475972325,17,15,2,0,0,0,0,0,0,0,0,1,0
1dbp,A,128,GLU,-3.5,138.4,-1.0,1,3,X,0.0,0.0,0.0,0.0,0.0,0.0,0.0,0.0,38,0.05035761871267001,7,1,6,0,0,0,0,0,0,0,0,1,0
1dbp,A,129,LEU,3.8,166.7,0.0,0,0,X,0.0,0.0,0.0,0.0,0.0,0.0,0.0,0.0,42,0.05688545817542354,5,26,-21,0,0,0,0,0,0,0,0,1,0
1dbp,A,130,GLN,-3.5,143.8,0.0,2,2,X,0.0,0.0,0.0,0.0,0.0,0.0,0.0,0.0,32,0.05129016720734909,13,19,-6,0,0,0,0,0,0,0,0,1,0
1dbp,A,131,GLY,-0.4,60.1,0.0,0,0,X,0.0,0.0,0.0,0.0,0.0,0.0,0.0,0.0,33,0.0526889899493677,26,22,4,0,0,0,0,0,0,0,0,1,0
1dbp,A,132,ILE,4.5,166.7,0.0,0,0,X,0.0,0.0,0.0,0.0,0.0,0.0,0.0,0.0,35,0.03963331102386066,15,20,-5,0,0,0,0,0,0,0,0,1,0
1dbp,A,133,ALA,1.8,88.6,0.0,0,0,X,0.0,0.0,0.0,0.0,0.0,0.0,0.0,0.0,21,0.03124037457174899,14,22,-8,0,0,0,0,0,0,0,0,1,0
1dbp,A,134,GLY,-0.4,60.1,0.0,0,0,X,0.0,0.0,0.0,0.0,0.0,0.0,0.0,0.0,25,0.02984155182973038,19,20,-1,0,0,0,0,0,0,0,0,1,0
1dbp,A,135,THR,-0.7,116.1,0.0,1,1,X,0.0,0.0,0.0,0.0,0.0,0.0,0.0,0.0,33,0.045694876239274644,31,35,-4,0,0,0,0,0,0,0,0,1,0
1dbp,A,136,SER,-0.8,89.0,0.0,1,1,X,0.0,0.0,0.0,0.0,0.0,0.0,0.0,0.0,35,0.043363505002576956,38,38,0,0,0,0,0,0,0,0,0,1,0
1dbp,A,137,ALA,1.8,88.6,0.0,0,0,X,0.0,0.0,0.0,0.0,0.0,0.0,0.0,0.0,42,0.05222271570202816,35,31,4,0,0,0,0,0,0,0,0,1,1
1dbp,A,138,ALA,1.8,88.6,0.0,0,0,X,0.0,0.0,0.0,0.0,0.0,0.0,0.0,0.0,36,0.05222271570202816,30,28,2,0,0,0,0,0,0,0,0,1,0
1dbp,A,139,ARG,-4.5,173.4,1.0,5,0,X,0.0,0.0,0.0,0.0,0.0,0.0,0.0,0.0,23,0.04196468226055834,9,21,-12,0,0,0,0,0,0,0,0,1,0
1dbp,A,140,GLU,-3.5,138.4,-1.0,1,3,X,0.0,0.0,0.0,0.0,0.0,0.0,0.0,0.0,33,0.043363505002576956,32,19,13,0,0,0,0,0,0,0,0,1,0
1dbp,A,141,ARG,-4.5,173.4,1.0,5,0,X,0.0,0.0,0.0,0.0,0.0,0.0,0.0,0.0,43,0.05735173242276307,13,39,-26,0,0,0,0,0,0,0,0,1,1
1dbp,A,142,GLY,-0.4,60.1,0.0,0,0,X,0.0,0.0,0.0,0.0,0.0,0.0,0.0,0.0,32,0.04755997322863279,27,26,1,0,0,0,0,0,0,0,0,1,0
1dbp,A,143,GLU,-3.5,138.4,-1.0,1,3,X,0.0,0.0,0.0,0.0,0.0,0.0,0.0,0.0,24,0.04149840801321881,22,13,9,0,0,0,0,0,0,0,0,1,0
1dbp,A,144,GLY,-0.4,60.1,0.0,0,0,X,0.0,0.0,0.0,0.0,0.0,0.0,0.0,0.0,32,0.04662742473395372,22,32,-10,0,0,0,0,0,0,0,0,1,0
1dbp,A,145,PHE,2.8,189.9,0.0,0,0,X,0.0,0.0,0.0,0.0,0.0,0.0,0.0,0.0,44,0.05408781269138631,21,25,-4,0,0,0,0,0,0,0,0,1,0
1dbp,A,146,GLN,-3.5,143.8,0.0,2,2,X,0.0,0.0,0.0,0.0,0.0,0.0,0.0,0.0,27,0.03590311704514436,14,17,-3,0,0,0,0,0,0,0,0,1,0
1dbp,A,147,GLN,-3.5,143.8,0.0,2,2,X,0.0,0.0,0.0,0.0,0.0,0.0,0.0,0.0,23,0.03683566553982344,18,18,0,0,0,0,0,0,0,0,0,1,0
1dbp,A,148,ALA,1.8,88.6,0.0,0,0,X,0.0,0.0,0.0,0.0,0.0,0.0,0.0,0.0,34,0.04989134446533048,30,19,11,0,0,0,0,0,0,0,0,1,0
1dbp,A,149,VAL,4.2,140.0,0.0,0,0,X,0.0,0.0,0.0,0.0,0.0,0.0,0.0,0.0,29,0.043829779249916496,27,18,9,0,0,0,0,0,0,0,0,1,0
1dbp,A,150,ALA,1.8,88.6,0.0,0,0,X,0.0,0.0,0.0,0.0,0.0,0.0,0.0,0.0,18,0.030307826077069916,19,8,11,0,0,0,0,0,0,0,0,1,0
1dbp,A,151,ALA,1.8,88.6,0.0,0,0,X,0.0,0.0,0.0,0.0,0.0,0.0,0.0,0.0,18,0.028909003335051305,26,16,10,0,0,0,0,0,0,0,0,1,0
1dbp,A,152,HIS,-3.2,153.2,0.1,2,1,X,0.0,0.0,0.0,0.0,0.0,0.0,0.0,0.0,27,0.03683566553982344,22,17,5,0,0,0,0,0,0,0,0,1,0
1dbp,A,153,LYS,-3.9,168.6,1.0,2,0,X,0.0,0.0,0.0,0.0,0.0,0.0,0.0,0.0,15,0.03403802005578621,10,9,1,0,0,0,0,0,0,0,0,1,0
1dbp,A,154,PHE,2.8,189.9,0.0,0,0,X,0.0,0.0,0.0,0.0,0.0,0.0,0.0,0.0,31,0.045694876239274644,28,14,14,0,0,0,0,0,0,0,0,1,0
1dbp,A,155,ASN,-3.5,114.1,0.0,2,2,X,0.0,0.0,0.0,0.0,0.0,0.0,0.0,0.0,21,0.03403802005578621,20,8,12,0,0,0,0,0,0,0,0,1,0
1dbp,A,156,VAL,4.2,140.0,0.0,0,0,X,0.0,0.0,0.0,0.0,0.0,0.0,0.0,0.0,27,0.03730193978716297,17,10,7,0,0,0,0,0,0,0,0,1,0
1dbp,A,157,LEU,3.8,166.7,0.0,0,0,X,0.0,0.0,0.0,0.0,0.0,0.0,0.0,0.0,24,0.03357174580844668,19,13,6,0,0,0,0,0,0,0,0,1,0
1dbp,A,158,ALA,1.8,88.6,0.0,0,0,X,0.0,0.0,0.0,0.0,0.0,0.0,0.0,0.0,26,0.03310547156110714,14,10,4,0,0,0,0,0,0,0,0,1,0
1dbp,A,159,SER,-0.8,89.0,0.0,1,1,X,0.0,0.0,0.0,0.0,0.0,0.0,0.0,0.0,23,0.03823448828184205,5,9,-4,0,0,0,0,0,0,0,0,1,0
1dbp,A,160,GLN,-3.5,143.8,0.0,2,2,X,0.0,0.0,0.0,0.0,0.0,0.0,0.0,0.0,24,0.032639197313767604,7,13,-6,0,0,0,0,0,0,0,0,1,0
1dbp,A,161,PRO,-1.6,112.7,0.0,0,0,X,0.0,0.0,0.0,0.0,0.0,0.0,0.0,0.0,25,0.03916703677652112,8,20,-12,0,0,0,0,0,0,0,0,1,0
1dbp,A,162,ALA,1.8,88.6,0.0,0,0,X,0.0,0.0,0.0,0.0,0.0,0.0,0.0,0.0,33,0.04755997322863279,15,26,-11,0,0,0,0,0,0,0,0,1,0
1dbp,A,163,ASP,-3.5,111.1,-1.0,1,3,X,0.0,0.0,0.0,0.0,0.0,0.0,0.0,0.0,29,0.04289723075523742,16,10,6,0,0,0,0,0,0,0,0,1,0
1dbp,A,164,PHE,2.8,189.9,0.0,0,0,X,0.0,0.0,0.0,0.0,0.0,0.0,0.0,0.0,40,0.05408781269138631,26,37,-11,0,0,0,0,0,0,0,0,1,1
1dbp,A,165,ASP,-3.5,111.1,-1.0,1,3,X,0.0,0.0,0.0,0.0,0.0,0.0,0.0,0.0,28,0.04942507021799094,20,21,-1,0,0,0,0,0,0,0,0,1,0
1dbp,A,166,ARG,-4.5,173.4,1.0,5,0,X,0.0,0.0,0.0,0.0,0.0,0.0,0.0,0.0,27,0.04662742473395372,16,32,-16,0,0,0,0,0,0,0,0,1,0
1dbp,A,167,ILE,4.5,166.7,0.0,0,0,X,0.0,0.0,0.0,0.0,0.0,0.0,0.0,0.0,20,0.032639197313767604,24,20,4,0,0,0,0,0,0,0,0,1,0
1dbp,A,168,LYS,-3.9,168.6,1.0,2,0,X,0.0,0.0,0.0,0.0,0.0,0.0,0.0,0.0,25,0.04196468226055834,7,21,-14,0,0,0,0,0,0,0,0,1,0
1dbp,A,169,GLY,-0.4,60.1,0.0,0,0,X,0.0,0.0,0.0,0.0,0.0,0.0,0.0,0.0,37,0.05595290968074446,23,28,-5,0,0,0,0,0,0,0,0,1,0
1dbp,A,170,LEU,3.8,166.7,0.0,0,0,X,0.0,0.0,0.0,0.0,0.0,0.0,0.0,0.0,27,0.053621538444046775,26,8,18,0,0,0,0,0,0,0,0,1,0
1dbp,A,171,ASN,-3.5,114.1,0.0,2,2,X,0.0,0.0,0.0,0.0,0.0,0.0,0.0,0.0,20,0.0363693912924839,18,6,12,0,0,0,0,0,0,0,0,1,0
1dbp,A,172,VAL,4.2,140.0,0.0,0,0,X,0.0,0.0,0.0,0.0,0.0,0.0,0.0,0.0,29,0.043829779249916496,11,11,0,0,0,0,0,0,0,0,0,1,0
1dbp,A,173,MET,1.9,162.9,0.0,0,0,X,0.0,0.0,0.0,0.0,0.0,0.0,0.0,0.0,42,0.04942507021799094,21,4,17,0,0,0,0,0,0,0,0,1,0
1dbp,A,174,GLN,-3.5,143.8,0.0,2,2,X,0.0,0.0,0.0,0.0,0.0,0.0,0.0,0.0,24,0.043829779249916496,12,0,12,0,0,0,0,0,0,0,0,1,0
1dbp,A,175,ASN,-3.5,114.1,0.0,2,2,X,0.0,0.0,0.0,0.0,0.0,0.0,0.0,0.0,18,0.035436842797804825,7,0,7,0,0,0,0,0,0,0,0,1,0
1dbp,A,176,LEU,3.8,166.7,0.0,0,0,X,0.0,0.0,0.0,0.0,0.0,0.0,0.0,0.0,28,0.040565859518539735,11,6,5,0,0,0,0,0,0,0,0,1,0
1dbp,A,177,LEU,3.8,166.7,0.0,0,0,X,0.0,0.0,0.0,0.0,0.0,0.0,0.0,0.0,31,0.04196468226055834,21,9,12,0,0,0,0,0,0,0,0,1,0
1dbp,A,178,THR,-0.7,116.1,0.0,1,1,X,0.0,0.0,0.0,0.0,0.0,0.0,0.0,0.0,16,0.02611135785101408,12,2,10,0,0,0,0,0,0,0,0,1,0
1dbp,A,179,ALA,1.8,88.6,0.0,0,0,X,0.0,0.0,0.0,0.0,0.0,0.0,0.0,0.0,15,0.023779986614316396,10,7,3,0,0,0,0,0,0,0,0,1,0
1dbp,A,180,HIS,-3.2,153.2,0.1,2,1,X,0.0,0.0,0.0,0.0,0.0,0.0,0.0,0.0,25,0.03403802005578621,10,9,1,0,0,0,0,0,0,0,0,1,0
1dbp,A,181,PRO,-1.6,112.7,0.0,0,0,X,0.0,0.0,0.0,0.0,0.0,0.0,0.0,0.0,19,0.02797645484037223,23,11,12,0,0,0,0,0,0,0,0,1,0
1dbp,A,182,ASP,-3.5,111.1,-1.0,1,3,X,0.0,0.0,0.0,0.0,0.0,0.0,0.0,0.0,22,0.027510180593032695,23,3,20,0,0,0,0,0,0,0,0,1,0
1dbp,A,183,VAL,4.2,140.0,0.0,0,0,X,0.0,0.0,0.0,0.0,0.0,0.0,0.0,0.0,29,0.045694876239274644,27,17,10,0,0,0,0,0,0,0,0,1,0
1dbp,A,184,GLN,-3.5,143.8,0.0,2,2,X,0.0,0.0,0.0,0.0,0.0,0.0,0.0,0.0,25,0.04103213376587927,18,20,-2,0,0,0,0,0,0,0,0,1,0
1dbp,A,185,ALA,1.8,88.6,0.0,0,0,X,0.0,0.0,0.0,0.0,0.0,0.0,0.0,0.0,40,0.04616115048661418,16,15,1,0,0,0,0,0,0,0,0,1,0
1dbp,A,186,VAL,4.2,140.0,0.0,0,0,X,0.0,0.0,0.0,0.0,0.0,0.0,0.0,0.0,45,0.04942507021799094,6,11,-5,0,0,0,0,0,0,0,0,1,0
1dbp,A,187,PHE,2.8,189.9,0.0,0,0,X,0.0,0.0,0.0,0.0,0.0,0.0,0.0,0.0,49,0.04989134446533048,14,14,0,0,0,0,0,0,0,0,0,1,0
1dbp,A,188,ALA,1.8,88.6,0.0,0,0,X,0.0,0.0,0.0,0.0,0.0,0.0,0.0,0.0,43,0.053621538444046775,9,31,-22,0,0,0,0,0,0,0,0,1,0
1dbp,A,189,GLN,-3.5,143.8,0.0,2,2,X,0.0,0.0,0.0,0.0,0.0,0.0,0.0,0.0,45,0.058750555164781684,17,31,-14,0,0,0,0,0,0,0,0,1,0
1dbp,A,190,ASN,-3.5,114.1,0.0,2,2,X,0.0,0.0,0.0,0.0,0.0,0.0,0.0,0.0,42,0.05502036118606539,19,38,-19,0,0,0,0,0,0,0,0,1,1
1dbp,A,191,ASP,-3.5,111.1,-1.0,1,3,X,0.0,0.0,0.0,0.0,0.0,0.0,0.0,0.0,38,0.05548663543340492,14,35,-21,0,0,0,0,0,0,0,0,1,0
1dbp,A,192,GLU,-3.5,138.4,-1.0,1,3,X,0.0,0.0,0.0,0.0,0.0,0.0,0.0,0.0,36,0.04989134446533048,15,34,-19,0,0,0,0,0,0,0,0,1,0
1dbp,A,193,MET,1.9,162.9,0.0,0,0,X,0.0,0.0,0.0,0.0,0.0,0.0,0.0,0.0,40,0.05781800667010261,19,39,-20,0,0,0,0,0,0,0,0,1,0
1dbp,A,194,ALA,1.8,88.6,0.0,0,0,X,0.0,0.0,0.0,0.0,0.0,0.0,0.0,0.0,42,0.0526889899493677,22,29,-7,0,0,0,0,0,0,0,0,1,0
1dbp,A,195,LEU,3.8,166.7,0.0,0,0,X,0.0,0.0,0.0,0.0,0.0,0.0,0.0,0.0,36,0.04429605349725603,34,30,4,0,0,0,0,0,0,0,0,1,0
1dbp,A,196,GLY,-0.4,60.1,0.0,0,0,X,0.0,0.0,0.0,0.0,0.0,0.0,0.0,0.0,31,0.048958795970651406,27,21,6,0,0,0,0,0,0,0,0,1,0
1dbp,A,197,ALA,1.8,88.6,0.0,0,0,X,0.0,0.0,0.0,0.0,0.0,0.0,0.0,0.0,43,0.048026247475972325,29,9,20,0,0,0,0,0,0,0,0,1,0
1dbp,A,198,LEU,3.8,166.7,0.0,0,0,X,0.0,0.0,0.0,0.0,0.0,0.0,0.0,0.0,38,0.040565859518539735,31,8,23,0,0,0,0,0,0,0,0,1,0
1dbp,A,199,ARG,-4.5,173.4,1.0,5,0,X,0.0,0.0,0.0,0.0,0.0,0.0,0.0,0.0,21,0.03916703677652112,14,1,13,0,0,0,0,0,0,0,0,1,0
1dbp,A,200,ALA,1.8,88.6,0.0,0,0,X,0.0,0.0,0.0,0.0,0.0,0.0,0.0,0.0,32,0.04616115048661418,20,0,20,0,0,0,0,0,0,0,0,1,0
1dbp,A,201,LEU,3.8,166.7,0.0,0,0,X,0.0,0.0,0.0,0.0,0.0,0.0,0.0,0.0,33,0.04709369898129325,21,8,13,0,0,0,0,0,0,0,0,1,0
1dbp,A,202,GLN,-3.5,143.8,0.0,2,2,X,0.0,0.0,0.0,0.0,0.0,0.0,0.0,0.0,17,0.03403802005578621,23,1,22,0,0,0,0,0,0,0,0,1,0
1dbp,A,203,THR,-0.7,116.1,0.0,1,1,X,0.0,0.0,0.0,0.0,0.0,0.0,0.0,0.0,15,0.027510180593032695,17,0,17,0,0,0,0,0,0,0,0,1,0
1dbp,A,204,ALA,1.8,88.6,0.0,0,0,X,0.0,0.0,0.0,0.0,0.0,0.0,0.0,0.0,18,0.026577632098353617,16,4,12,0,0,0,0,0,0,0,0,1,0
1dbp,A,205,GLY,-0.4,60.1,0.0,0,0,X,0.0,0.0,0.0,0.0,0.0,0.0,0.0,0.0,15,0.02331371236697686,12,8,4,0,0,0,0,0,0,0,0,1,0
1dbp,A,206,LYS,-3.9,168.6,1.0,2,0,X,0.0,0.0,0.0,0.0,0.0,0.0,0.0,0.0,25,0.030774100324409453,4,13,-9,0,0,0,0,0,0,0,0,1,0
1dbp,A,207,SER,-0.8,89.0,0.0,1,1,X,0.0,0.0,0.0,0.0,0.0,0.0,0.0,0.0,18,0.027043906345693154,15,8,7,0,0,0,0,0,0,0,0,1,0
1dbp,A,208,ASP,-3.5,111.1,-1.0,1,3,X,0.0,0.0,0.0,0.0,0.0,0.0,0.0,0.0,18,0.02144861537761871,10,4,6,0,0,0,0,0,0,0,0,1,0
1dbp,A,209,VAL,4.2,140.0,0.0,0,0,X,0.0,0.0,0.0,0.0,0.0,0.0,0.0,0.0,32,0.03450429430312575,15,12,3,0,0,0,0,0,0,0,0,1,0
1dbp,A,210,MET,1.9,162.9,0.0,0,0,X,0.0,0.0,0.0,0.0,0.0,0.0,0.0,0.0,34,0.03776821403450251,19,7,12,0,0,0,0,0,0,0,0,1,0
1dbp,A,211,VAL,4.2,140.0,0.0,0,0,X,0.0,0.0,0.0,0.0,0.0,0.0,0.0,0.0,40,0.04429605349725603,8,9,-1,0,0,0,0,0,0,0,0,1,0
1dbp,A,212,VAL,4.2,140.0,0.0,0,0,X,0.0,0.0,0.0,0.0,0.0,0.0,0.0,0.0,45,0.05035761871267001,4,13,-9,0,0,0,0,0,0,0,0,1,0
1dbp,A,213,GLY,-0.4,60.1,0.0,0,0,X,0.0,0.0,0.0,0.0,0.0,0.0,0.0,0.0,44,0.05548663543340492,8,22,-14,0,0,0,0,0,0,0,0,1,0
1dbp,A,214,PHE,2.8,189.9,0.0,0,0,X,0.0,0.0,0.0,0.0,0.0,0.0,0.0,0.0,47,0.0526889899493677,16,23,-7,0,0,0,0,0,0,0,0,1,0
1dbp,A,215,ASP,-3.5,111.1,-1.0,1,3,X,0.0,0.0,0.0,0.0,0.0,0.0,0.0,0.0,42,0.050823892960009553,9,30,-21,0,0,0,0,0,0,0,0,1,1
1dbp,A,216,GLY,-0.4,60.1,0.0,0,0,X,0.0,0.0,0.0,0.0,0.0,0.0,0.0,0.0,36,0.048026247475972325,12,37,-25,0,0,0,0,0,0,0,0,1,0
1dbp,A,217,THR,-0.7,116.1,0.0,1,1,X,0.0,0.0,0.0,0.0,0.0,0.0,0.0,0.0,32,0.04149840801321881,9,41,-32,0,0,0,0,0,0,0,0,1,0
1dbp,A,218,PRO,-1.6,112.7,0.0,0,0,X,0.0,0.0,0.0,0.0,0.0,0.0,0.0,0.0,23,0.025645083603674543,12,33,-21,0,0,0,0,0,0,0,0,1,0
1dbp,A,219,ASP,-3.5,111.1,-1.0,1,3,X,0.0,0.0,0.0,0.0,0.0,0.0,0.0,0.0,24,0.032639197313767604,19,32,-13,0,0,0,0,0,0,0,0,1,0
1dbp,A,220,GLY,-0.4,60.1,0.0,0,0,X,0.0,0.0,0.0,0.0,0.0,0.0,0.0,0.0,34,0.04989134446533048,22,48,-26,0,0,0,0,0,0,0,0,1,0
1dbp,A,221,GLU,-3.5,138.4,-1.0,1,3,X,0.0,0.0,0.0,0.0,0.0,0.0,0.0,0.0,27,0.04243095650789788,17,23,-6,0,0,0,0,0,0,0,0,1,0
1dbp,A,222,LYS,-3.9,168.6,1.0,2,0,X,0.0,0.0,0.0,0.0,0.0,0.0,0.0,0.0,16,0.03357174580844668,10,26,-16,0,0,0,0,0,0,0,0,1,0
1dbp,A,223,ALA,1.8,88.6,0.0,0,0,X,0.0,0.0,0.0,0.0,0.0,0.0,0.0,0.0,26,0.04149840801321881,25,32,-7,0,0,0,0,0,0,0,0,1,0
1dbp,A,224,VAL,4.2,140.0,0.0,0,0,X,0.0,0.0,0.0,0.0,0.0,0.0,0.0,0.0,29,0.04755997322863279,27,25,2,0,0,0,0,0,0,0,0,1,0
1dbp,A,225,ASN,-3.5,114.1,0.0,2,2,X,0.0,0.0,0.0,0.0,0.0,0.0,0.0,0.0,19,0.03776821403450251,26,21,5,0,0,0,0,0,0,0,0,1,0
1dbp,A,226,ASP,-3.5,111.1,-1.0,1,3,X,0.0,0.0,0.0,0.0,0.0,0.0,0.0,0.0,16,0.02984155182973038,25,8,17,0,0,0,0,0,0,0,0,1,0
1dbp,A,227,GLY,-0.4,60.1,0.0,0,0,X,0.0,0.0,0.0,0.0,0.0,0.0,0.0,0.0,22,0.02797645484037223,25,11,14,0,0,0,0,0,0,0,0,1,0
1dbp,A,228,LYS,-3.9,168.6,1.0,2,0,X,0.0,0.0,0.0,0.0,0.0,0.0,0.0,0.0,23,0.030307826077069916,17,15,2,0,0,0,0,0,0,0,0,1,0
1dbp,A,229,LEU,3.8,166.7,0.0,0,0,X,0.0,0.0,0.0,0.0,0.0,0.0,0.0,0.0,39,0.04476232774459557,21,26,-5,0,0,0,0,0,0,0,0,1,0
1dbp,A,230,ALA,1.8,88.6,0.0,0,0,X,0.0,0.0,0.0,0.0,0.0,0.0,0.0,0.0,33,0.04103213376587927,22,8,14,0,0,0,0,0,0,0,0,1,0
1dbp,A,231,ALA,1.8,88.6,0.0,0,0,X,0.0,0.0,0.0,0.0,0.0,0.0,0.0,0.0,38,0.04476232774459557,18,15,3,0,0,0,0,0,0,0,0,1,0
1dbp,A,232,THR,-0.7,116.1,0.0,1,1,X,0.0,0.0,0.0,0.0,0.0,0.0,0.0,0.0,39,0.053621538444046775,13,28,-15,0,0,0,0,0,0,0,0,1,0
1dbp,A,233,ILE,4.5,166.7,0.0,0,0,X,0.0,0.0,0.0,0.0,0.0,0.0,0.0,0.0,40,0.04989134446533048,20,19,1,0,0,0,0,0,0,0,0,1,0
1dbp,A,234,ALA,1.8,88.6,0.0,0,0,X,0.0,0.0,0.0,0.0,0.0,0.0,0.0,0.0,32,0.04942507021799094,11,28,-17,0,0,0,0,0,0,0,0,1,0
1dbp,A,235,GLN,-3.5,143.8,0.0,2,2,X,0.0,0.0,0.0,0.0,0.0,0.0,0.0,0.0,37,0.045228601991935104,12,36,-24,0,0,0,0,0,0,0,0,1,1
1dbp,A,236,LEU,3.8,166.7,0.0,0,0,X,0.0,0.0,0.0,0.0,0.0,0.0,0.0,0.0,27,0.03916703677652112,11,25,-14,0,0,0,0,0,0,0,0,1,0
1dbp,A,237,PRO,-1.6,112.7,0.0,0,0,X,0.0,0.0,0.0,0.0,0.0,0.0,0.0,0.0,33,0.04662742473395372,7,32,-25,0,0,0,0,0,0,0,0,1,0
1dbp,A,238,ASP,-3.5,111.1,-1.0,1,3,X,0.0,0.0,0.0,0.0,0.0,0.0,0.0,0.0,25,0.04149840801321881,18,15,3,0,0,0,0,0,0,0,0,1,0
1dbp,A,239,GLN,-3.5,143.8,0.0,2,2,X,0.0,0.0,0.0,0.0,0.0,0.0,0.0,0.0,21,0.03683566553982344,9,25,-16,0,0,0,0,0,0,0,0,1,0
1dbp,A,240,ILE,4.5,166.7,0.0,0,0,X,0.0,0.0,0.0,0.0,0.0,0.0,0.0,0.0,38,0.05035761871267001,19,23,-4,0,0,0,0,0,0,0,0,1,0
1dbp,A,241,GLY,-0.4,60.1,0.0,0,0,X,0.0,0.0,0.0,0.0,0.0,0.0,0.0,0.0,39,0.048492521723311866,20,33,-13,0,0,0,0,0,0,0,0,1,0
1dbp,A,242,ALA,1.8,88.6,0.0,0,0,X,0.0,0.0,0.0,0.0,0.0,0.0,0.0,0.0,36,0.04755997322863279,27,34,-7,0,0,0,0,0,0,0,0,1,0
1dbp,A,243,LYS,-3.9,168.6,1.0,2,0,X,0.0,0.0,0.0,0.0,0.0,0.0,0.0,0.0,33,0.04243095650789788,14,20,-6,0,0,0,0,0,0,0,0,1,0
1dbp,A,244,GLY,-0.4,60.1,0.0,0,0,X,0.0,0.0,0.0,0.0,0.0,0.0,0.0,0.0,42,0.048958795970651406,20,28,-8,0,0,0,0,0,0,0,0,1,0
1dbp,A,245,VAL,4.2,140.0,0.0,0,0,X,0.0,0.0,0.0,0.0,0.0,0.0,0.0,0.0,40,0.04942507021799094,30,33,-3,0,0,0,0,0,0,0,0,1,0
1dbp,A,246,GLU,-3.5,138.4,-1.0,1,3,X,0.0,0.0,0.0,0.0,0.0,0.0,0.0,0.0,30,0.040565859518539735,26,21,5,0,0,0,0,0,0,0,0,1,0
1dbp,A,247,THR,-0.7,116.1,0.0,1,1,X,0.0,0.0,0.0,0.0,0.0,0.0,0.0,0.0,37,0.04476232774459557,33,30,3,0,0,0,0,0,0,0,0,1,0
1dbp,A,248,ALA,1.8,88.6,0.0,0,0,X,0.0,0.0,0.0,0.0,0.0,0.0,0.0,0.0,36,0.05035761871267001,29,32,-3,0,0,0,0,0,0,0,0,1,0
1dbp,A,249,ASP,-3.5,111.1,-1.0,1,3,X,0.0,0.0,0.0,0.0,0.0,0.0,0.0,0.0,26,0.04243095650789788,22,28,-6,0,0,0,0,0,0,0,0,1,0
1dbp,A,250,LYS,-3.9,168.6,1.0,2,0,X,0.0,0.0,0.0,0.0,0.0,0.0,0.0,0.0,25,0.040099585271200194,22,27,-5,0,0,0,0,0,0,0,0,1,0
1dbp,A,251,VAL,4.2,140.0,0.0,0,0,X,0.0,0.0,0.0,0.0,0.0,0.0,0.0,0.0,27,0.03963331102386066,29,21,8,0,0,0,0,0,0,0,0,1,0
1dbp,A,252,LEU,3.8,166.7,0.0,0,0,X,0.0,0.0,0.0,0.0,0.0,0.0,0.0,0.0,25,0.03403802005578621,26,26,0,0,0,0,0,0,0,0,0,1,0
1dbp,A,253,LYS,-3.9,168.6,1.0,2,0,X,0.0,0.0,0.0,0.0,0.0,0.0,0.0,0.0,16,0.026577632098353617,12,21,-9,0,0,0,0,0,0,0,0,1,0
1dbp,A,254,GLY,-0.4,60.1,0.0,0,0,X,0.0,0.0,0.0,0.0,0.0,0.0,0.0,0.0,12,0.02144861537761871,26,17,9,0,0,0,0,0,0,0,0,1,0
1dbp,A,255,GLU,-3.5,138.4,-1.0,1,3,X,0.0,0.0,0.0,0.0,0.0,0.0,0.0,0.0,13,0.02611135785101408,26,10,16,0,0,0,0,0,0,0,0,1,0
1dbp,A,256,LYS,-3.9,168.6,1.0,2,0,X,0.0,0.0,0.0,0.0,0.0,0.0,0.0,0.0,13,0.022847438119637322,11,9,2,0,0,0,0,0,0,0,0,1,0
1dbp,A,257,VAL,4.2,140.0,0.0,0,0,X,0.0,0.0,0.0,0.0,0.0,0.0,0.0,0.0,22,0.03310547156110714,30,15,15,0,0,0,0,0,0,0,0,1,0
1dbp,A,258,GLN,-3.5,143.8,0.0,2,2,X,0.0,0.0,0.0,0.0,0.0,0.0,0.0,0.0,14,0.025645083603674543,27,1,26,0,0,0,0,0,0,0,0,1,0
1dbp,A,259,ALA,1.8,88.6,0.0,0,0,X,0.0,0.0,0.0,0.0,0.0,0.0,0.0,0.0,17,0.030307826077069916,23,0,23,0,0,0,0,0,0,0,0,1,0
1dbp,A,260,LYS,-3.9,168.6,1.0,2,0,X,0.0,0.0,0.0,0.0,0.0,0.0,0.0,0.0,21,0.034970568550465285,12,4,8,0,0,0,0,0,0,0,0,1,0
1dbp,A,261,TYR,-1.3,193.6,0.0,1,1,X,0.0,0.0,0.0,0.0,0.0,0.0,0.0,0.0,25,0.03683566553982344,34,9,25,0,0,0,0,0,0,0,0,1,0
1dbp,A,262,PRO,-1.6,112.7,0.0,0,0,X,0.0,0.0,0.0,0.0,0.0,0.0,0.0,0.0,18,0.03170664881908853,25,16,9,0,0,0,0,0,0,0,0,1,0
1dbp,A,263,VAL,4.2,140.0,0.0,0,0,X,0.0,0.0,0.0,0.0,0.0,0.0,0.0,0.0,25,0.03963331102386066,17,26,-9,0,0,0,0,0,0,0,0,1,0
1dbp,A,264,ASP,-3.5,111.1,-1.0,1,3,X,0.0,0.0,0.0,0.0,0.0,0.0,0.0,0.0,18,0.02797645484037223,9,7,2,0,0,0,0,0,0,0,0,1,0
1dbp,A,265,LEU,3.8,166.7,0.0,0,0,X,0.0,0.0,0.0,0.0,0.0,0.0,0.0,0.0,27,0.03776821403450251,12,21,-9,0,0,0,0,0,0,0,0,1,0
1dbp,A,266,LYS,-3.9,168.6,1.0,2,0,X,0.0,0.0,0.0,0.0,0.0,0.0,0.0,0.0,16,0.02797645484037223,0,16,-16,0,0,0,0,0,0,0,0,1,0
1dbp,A,267,LEU,3.8,166.7,0.0,0,0,X,0.0,0.0,0.0,0.0,0.0,0.0,0.0,0.0,28,0.03403802005578621,15,3,12,0,0,0,0,0,0,0,0,1,0
1dbp,A,268,VAL,4.2,140.0,0.0,0,0,X,0.0,0.0,0.0,0.0,0.0,0.0,0.0,0.0,29,0.03683566553982344,16,16,0,0,0,0,0,0,0,0,0,1,0
1dbp,A,269,VAL,4.2,140.0,0.0,0,0,X,0.0,0.0,0.0,0.0,0.0,0.0,0.0,0.0,22,0.03450429430312575,24,8,16,0,0,0,0,0,0,0,0,1,0
1dbp,A,270,LYS,-3.9,168.6,1.0,2,0,X,0.0,0.0,0.0,0.0,0.0,0.0,0.0,0.0,15,0.028909003335051305,7,11,-4,0,0,0,0,0,0,0,0,1,0
1dbp,A,271,GLN,-3.5,143.8,0.0,2,2,X,0.0,0.0,0.0,0.0,0.0,0.0,0.0,0.0,9,0.014454501667525653,9,1,8,0,0,0,0,0,0,0,0,1,0
